instance_name,status,submitter,group,tags,variables,binaries,integers,continuous,constraints,nonzeros
50v-10.mps.gz,easy,Serge Bisaillon,,,2013,1464,183,366,233,2745
drayage-25-27.mps.gz,easy,F. Jordan Srour,drayage,,11090,11025,0,65,4630,41550
drayage-25-32.mps.gz,easy,F. Jordan Srour,drayage,,11090,11025,0,65,4630,41550
drayage-100-12.mps.gz,easy,F. Jordan Srour,drayage,,11090,11025,0,65,4630,41550
drayage-25-23.mps.gz,easy,F. Jordan Srour,drayage,,11090,11025,0,65,4630,41550
drayage-100-23.mps.gz,easy,F. Jordan Srour,drayage,,11090,11025,0,65,4630,41550
tokyometro.mps.gz,open,Hsiang-Yun WU,,,4537,2496,2041,0,7719,26958
ns1905797.mps.gz,open,NEOS Server Submission,neos-pseudoapplication-102,,18192,17676,4,512,51884,239700
savsched1.mps.gz,easy,Gerardo Gonzalez,,,328575,252731,0,75844,295989,1770510
neos-933638.mps.gz,easy,NEOS Server Submission,neos-pseudoapplication-34,,32417,28637,0,3780,13658,187173
sct1.mps.gz,open,Siemens,sct,,22886,10312,0,12574,12154,105571
ofi.mps.gz,easy,Luigi Poderico,,,420434,29705,0,390729,422587,1775810
reblock115.mps.gz,easy,Andreas Bley,reblock,,1150,1150,0,0,4735,13724
minutedispatchstrategy.mps.gz,open,Mark Husted,,,41761,20156,0,21605,80194,239480
ran14x18-disj-8.mps.gz,easy,J. Aronson,ran,,504,252,0,252,447,10277
ex1010-pi.mps.gz,open,M. Winkler,,,25200,25200,0,0,1468,102114
neos-941313.mps.gz,easy,NEOS Server Submission,neos-pseudoapplication-81,,167910,167910,0,0,13189,484080
roi2alpha3n4.mps.gz,easy,Domenico Salvagnin,,,6816,6642,0,174,1251,878812
d20200.mps.gz,open,COR@L test set,,,4000,4000,0,0,1502,189389
cvs16r89-60.mps.gz,easy,Michael Bastubbe,cvs,,2384,2384,0,0,3068,8368
in.mps.gz,hard,Armin Fuegenschuh,,,1449074,1489,0,1447585,1526202,6811640
ns1631475.mps.gz,open,NEOS Server Submission,neos-pseudoapplication-75,,22696,22470,211,15,24496,116733
noswot.mps.gz,easy,"J. Gregory, L. Schrage",,,128,75,25,28,182,735
leo2.mps.gz,easy,COR@L test set,,,11100,11099,0,1,593,219959
wnq-n100-mw99-14.mps.gz,easy,M. Winkler,,,10000,10000,0,0,656900,1333400
s55.mps.gz,easy,Daniel Espinoza,Spinoza,,78141,78137,0,4,9892,317902
lectsched-1.mps.gz,easy,Harald Schilly,lectsched,,28718,28236,482,0,50108,310792
gasprod1-3.mps.gz,easy,Andrew Stamps,gasprod,,10752,3717,0,7035,27169,200463
gasprod1-2.mps.gz,easy,Andrew Stamps,gasprod,,10752,3716,0,7036,27169,200460
gasprod1-1.mps.gz,open,Andrew Stamps,gasprod,,10920,4053,0,6867,27695,201348
academictimetablesmall.mps.gz,easy,Joshua Friedman,,,28926,28926,0,0,23294,268350
academictimetablebig.mps.gz,hard,Joshua Friedman,,,168974,168974,0,0,167661,1545380
rmatr100-p5.mps.gz,easy,Dmitry Krushinsky,rmatr,,8784,100,0,8684,8685,26152
supportcase29.mps.gz,infeasible,Domenico Salvagnin,,infeasible,12050,12050,0,0,12441,96050
bab6.mps.gz,easy,Elmar Swarat,bab,,114240,114240,0,0,29904,1283180
fhnw-schedule-paira200.mps.gz,open,Simon Felix,schedule,,20300,20100,0,200,40000,119746
fhnw-schedule-paira400.mps.gz,open,Simon Felix,schedule,,80600,80200,0,400,160000,479504
fhnw-schedule-pairb200.mps.gz,open,Simon Felix,schedule,,40200,40000,0,200,99554,298554
fhnw-schedule-pairb400.mps.gz,open,Simon Felix,schedule,,160400,160000,0,400,399096,1197100
fhnw-schedule-paira100.mps.gz,open,Simon Felix,schedule,,5150,5050,0,100,10000,29873
ivu06-big.mps.gz,open,S. Weider,ivu,,2277736,2277736,0,0,1177,23125800
gen-ip002.mps.gz,easy,Simon Bowly,generated,,41,0,41,0,24,922
gen-ip021.mps.gz,easy,Simon Bowly,generated,,35,0,35,0,28,945
gen-ip036.mps.gz,easy,Simon Bowly,generated,,29,0,29,0,46,1303
gen-ip054.mps.gz,easy,Simon Bowly,generated,,30,0,30,0,27,532
gen-ip016.mps.gz,easy,Simon Bowly,generated,,28,0,28,0,24,672
comp21-2idx.mps.gz,easy,Matias Sørensen,coursetimetabling,,10863,10792,71,0,14038,57301
comp08-2idx.mps.gz,easy,Matias Sørensen,coursetimetabling,,11554,11487,67,0,12536,51608
comp12-2idx.mps.gz,open,Matias Sørensen,coursetimetabling,,11863,11820,43,0,16803,73677
comp07-2idx.mps.gz,easy,Matias Sørensen,coursetimetabling,,17264,17155,109,0,21235,86577
aflow40b.mps.gz,easy,T. Achterberg,aflow,,2728,1364,0,1364,1442,6783
map14860-20.mps.gz,easy,Kiyan Ahmadizadeh,map,,164547,146,0,164401,328818,549920
map16715-04.mps.gz,easy,Kiyan Ahmadizadeh,map,,164547,146,0,164401,328818,549920
cvs16r106-72.mps.gz,easy,Michael Bastubbe,cvs,,2848,2848,0,0,3608,9888
neos-555424.mps.gz,easy,NEOS Server Submission,neos-pseudoapplication-15,,3815,3800,15,0,2676,15667
ic97_potential.mps.gz,easy,L. Peeters,,,728,450,73,205,1046,3138
xmas10-2.mps.gz,open,Simon Felix,,,8100,900,0,7200,8184,35561
vpphard.mps.gz,easy,C. Cardonha,,,51471,51471,0,0,47280,372305
ns1111636.mps.gz,hard,NEOS Server Submission,neos-pseudoapplication-67,,360822,13200,0,347622,13895,568444
neos-1140050.mps.gz,infeasible,NEOS Server Submission,neos-pseudoapplication-101,infeasible,40320,38640,0,1680,3795,808080
rmine21.mps.gz,open,Daniel Espinoza,rmine,,162547,162547,0,0,1441651,3514880
8div-n59k10.mps.gz,infeasible,Sascha Kurz,8div,infeasible,6143,6138,5,0,2065,539151
8div-n59k11.mps.gz,infeasible,Sascha Kurz,8div,infeasible,12287,12282,5,0,4114,2126860
8div-n59k12.mps.gz,infeasible,Sascha Kurz,8div,infeasible,24575,24570,5,0,8211,8448020
roi5alpha10n8.mps.gz,easy,Domenico Salvagnin,,,106150,105950,0,200,4665,2370220
neos-885086.mps.gz,easy,NEOS Server Submission,neos-pseudoapplication-8,,4860,2430,0,2430,11574,248310
sp98ic.mps.gz,easy,"J. Goessens, S. v. Hoessel, L. Kroon",sp9,,10894,10894,0,0,825,316317
neos-1122047.mps.gz,easy,NEOS Server Submission,neos-pseudoapplication-46,,5100,100,0,5000,57791,163640
flugplinf.mps.gz,infeasible,MIPLIB submission pool,,infeasible,18,0,11,7,19,64
neos-831188.mps.gz,easy,NEOS Server Submission,neos-pseudoapplication-94,,4612,4612,0,0,2185,11256
mkc1.mps.gz,easy,MIPLIB submission pool,,,5325,3087,0,2238,3411,17038
neos-555001.mps.gz,easy,NEOS Server Submission,neos-pseudoapplication-94,,3855,3782,73,0,3474,16649
pk1.mps.gz,easy,MIPLIB submission pool,,,86,55,0,31,45,915
p500x2988.mps.gz,easy,MIPLIB submission pool,pr_product,,5976,2988,0,2988,3488,11952
ivu06.mps.gz,open,S. Weider,ivu,,787239,787239,0,0,1177,8032300
n5-3.mps.gz,easy,A. Atamtürk,nxy-z,,2550,0,150,2400,1062,9900
neos-1425699.mps.gz,easy,NEOS Server Submission,neos-pseudoapplication-37,,105,5,80,20,89,430
ta2-UUE.mps.gz,easy,MIPLIB submission pool,network_design,,9241,1188,0,8053,2687,26533
misc07.mps.gz,easy,MIPLIB submission pool,misc,,260,259,0,1,212,8619
dsbmip.mps.gz,easy,MIPLIB submission pool,,,1886,192,0,1694,1182,7366
air03.mps.gz,easy,G. Astfalk,air,,10757,10757,0,0,124,91028
mod008inf.mps.gz,infeasible,MIPLIB submission pool,mod,infeasible,319,319,0,0,7,1562
neos-848198.mps.gz,open,NEOS Server Submission,neos-pseudoapplication-3,,10164,462,0,9702,924,29106
fiball.mps.gz,easy,MIPLIB submission pool,,,34219,33960,258,1,3707,104792
neos-807639.mps.gz,easy,NEOS Server Submission,neos-pseudoapplication-79,,1030,80,0,950,1541,5520
a2c1s1.mps.gz,easy,"M. Vyve, Y. Pochet",c1s1,,3648,192,0,3456,3312,10178
neos-555884.mps.gz,easy,NEOS Server Submission,neos-pseudoapplication-32,,3815,3800,15,0,4331,19067
Test3.mps.gz,easy,MIPLIB submission pool,,,72215,33143,0,39072,50680,617867
lrn.mps.gz,easy,MIPLIB submission pool,,,7253,2455,0,4798,8491,46123
neos-1516309.mps.gz,easy,NEOS Server Submission,neos-pseudoapplication-26,,4500,4500,0,0,489,30400
haprp.mps.gz,easy,MIPLIB submission pool,,,1828,0,1828,0,1048,3628
rout.mps.gz,easy,MIPLIB submission pool,,,556,300,15,241,291,2431
stein15inf.mps.gz,infeasible,MIPLIB submission pool,stein,infeasible,15,15,0,0,37,135
CMS750_4.mps.gz,easy,MIPLIB submission pool,,,11697,7196,0,4501,16381,44903
neos-1599274.mps.gz,easy,NEOS Server Submission,neos-pseudoapplication-26,,4500,4500,0,0,1237,46800
nh97_potential.mps.gz,easy,MIPLIB submission pool,,,1180,630,328,222,1916,5748
neos859080.mps.gz,infeasible,NEOS Server Submission,neos-pseudoapplication-96,infeasible,160,80,80,0,164,1280
mod011.mps.gz,easy,MIPLIB submission pool,mod,,10958,96,0,10862,4480,22254
bley_xs1noM.mps.gz,open,A. Bley,bley_x,,3243,2360,883,0,3290,25762
neos-787933.mps.gz,easy,NEOS Server Submission,neos-pseudoapplication-36,,236376,236376,0,0,1897,298320
sp97ic.mps.gz,easy,"J. Goessens, S. v. Hoessel, L. Kroon",sp9,,12497,12497,0,0,1033,316629
air05.mps.gz,easy,G. Astfalk,air,,7195,7195,0,0,426,52121
blend2.mps.gz,easy,MIPLIB submission pool,,,353,239,25,89,274,1409
bley_xs1.mps.gz,open,A. Bley,bley_x,,3243,2360,883,0,3290,25762
rococoC12-010001.mps.gz,open,"A. Chabrier, E. Danna, C. Le Pape, L. Perron",rococo,,16741,16554,187,0,4636,59832
gr4x6.mps.gz,easy,MIPLIB submission pool,,,48,24,0,24,34,96
n6-3.mps.gz,easy,A. Atamtürk,nxy-z,,7178,0,222,6956,2760,28268
h50x2450.mps.gz,easy,MIPLIB submission pool,fixed-cost-network-flow,,4900,2450,0,2450,2549,12152
bley_xs2.mps.gz,easy,A. Bley,bley_x,,2515,1632,883,0,2257,20861
neos-780889.mps.gz,easy,NEOS Server Submission,neos-pseudoapplication-94,,182700,182700,0,0,73910,497210
ivu59.mps.gz,open,S. Weider,ivu,,2569996,2569996,0,0,3436,36186300
neos-956971.mps.gz,easy,NEOS Server Submission,neos-pseudoapplication-48,,57756,57756,0,0,2527,483560
blp-ic98.mps.gz,easy,M. Lübbecke,blp,,13640,13550,0,90,717,191947
n7-3.mps.gz,easy,A. Atamtürk,nxy-z,,5626,0,174,5452,2336,22156
germany50-UUM.mps.gz,open,MIPLIB submission pool,network_design,,6971,0,88,6883,2088,20737
mzzv42z.mps.gz,easy,MIPLIB submission pool,,,11717,11482,235,0,10460,151261
enlight8.mps.gz,easy,A. Zymolka,enlight,,128,64,64,0,64,352
p0201.mps.gz,easy,MIPLIB submission pool,pfour,,201,201,0,0,133,1923
neos-876808.mps.gz,easy,NEOS Server Submission,neos-pseudoapplication-62,,87268,87268,0,0,85808,682376
nsa.mps.gz,easy,MIPLIB submission pool,,,388,36,0,352,1297,4204
neos-1367061.mps.gz,easy,NEOS Server Submission,neos-pseudoapplication-76,,36600,625,350,35625,102750,260250
30_70_45_095_98.mps.gz,easy,J. Walser,30_70,,10990,10989,0,1,12471,46387
neos-933562.mps.gz,easy,NEOS Server Submission,neos-pseudoapplication-94,,3032,3024,0,8,3200,28800
nu25-pr12.mps.gz,easy,MIPLIB submission pool,nus-prxy,,5868,5832,36,0,2313,17712
neos-565672.mps.gz,easy,NEOS Server Submission,neos-pseudoapplication-82,,190589,175361,0,15228,318334,809816
nu120-pr12.mps.gz,easy,MIPLIB submission pool,nus-prxy,,5868,5832,36,0,2313,17712
mik-250-20-75-5.mps.gz,easy,MIPLIB submission pool,mik_250,,270,75,175,20,195,9270
misc05inf.mps.gz,infeasible,MIPLIB submission pool,misc,infeasible,136,74,0,62,301,2946
neos-911970.mps.gz,easy,NEOS Server Submission,neos-pseudoapplication-70,,888,840,0,48,107,3408
neos-1420790.mps.gz,open,NEOS Server Submission,neos-pseudoapplication-9,,4926,540,0,4386,2310,12720
neos-1067731.mps.gz,easy,NEOS Server Submission,neos-pseudoapplication-11,,8779,6330,0,2449,3423,30998
markshare1.mps.gz,easy,"G. Cornuéjols, M. Dawande",markshare,,62,50,0,12,6,312
mik-250-20-75-3.mps.gz,easy,MIPLIB submission pool,mik_250,,270,75,175,20,195,9270
neos-914441.mps.gz,easy,NEOS Server Submission,neos-pseudoapplication-75,,15007,15006,0,1,15129,59658
irp.mps.gz,easy,MIPLIB submission pool,,,20315,20315,0,0,39,98254
neos-1324574.mps.gz,easy,NEOS Server Submission,neos-pseudoapplication-99,,5256,5256,0,0,5904,20880
g503inf.mps.gz,infeasible,MIPLIB submission pool,,infeasible,48,24,0,24,41,144
neos22.mps.gz,easy,NEOS Server Submission,neos-pseudoapplication-27,,3240,454,0,2786,5208,12312
berlin.mps.gz,easy,MIPLIB submission pool,,,5304,2652,0,2652,2704,10608
seymour1.mps.gz,easy,MIPLIB submission pool,,,1372,451,0,921,4944,33549
h80x6320d.mps.gz,easy,MIPLIB submission pool,fixed-cost-network-flow,,12640,6320,0,6320,6558,31521
neos-848589.mps.gz,easy,NEOS Server Submission,neos-pseudoapplication-77,,550539,747,0,549792,1484,1101080
neos-829552.mps.gz,easy,NEOS Server Submission,neos-pseudoapplication-95,,40971,40971,0,0,5153,86952
neos-1456979.mps.gz,easy,NEOS Server Submission,neos-pseudoapplication-102,,4605,4245,180,180,6770,36440
p200x1188c.mps.gz,easy,MIPLIB submission pool,pr_product,,2376,1188,0,1188,1388,4752
b1c1s1.mps.gz,easy,"M. Vyve, Y. Pochet",c1s1,,3872,288,0,3584,3904,11408
neos-1445743.mps.gz,easy,NEOS Server Submission,neos-pseudoapplication-88,,20344,2150,0,18194,2148,39685
markshare2.mps.gz,hard,"G. Cornuéjols, M. Dawande",markshare,,74,60,0,14,7,434
neos-957143.mps.gz,easy,NEOS Server Submission,neos-pseudoapplication-48,,57756,57756,0,0,2767,497676
manna81.mps.gz,easy,MIPLIB submission pool,,,3321,18,3303,0,6480,12960
neos-827015.mps.gz,easy,NEOS Server Submission,neos-pseudoapplication-95,,79347,79347,0,0,7688,166239
bc1.mps.gz,easy,MIPLIB submission pool,bc,,1751,252,0,1499,1913,227072
icir97_potential.mps.gz,open,MIPLIB submission pool,,,2112,1235,422,455,3314,9942
swath2.mps.gz,easy,D. Panton,swath,,6805,2406,0,4399,884,34965
ger50-17-trans-dfn-3t.mps.gz,open,C. Raack,ger50,,22414,0,18062,4352,499,172035
mas74.mps.gz,easy,MIPLIB submission pool,,,151,150,0,1,13,1706
neos-799716.mps.gz,easy,NEOS Server Submission,neos-pseudoapplication-1,,30619,910,0,29709,40418,99928
bienst1.mps.gz,easy,MIPLIB submission pool,,,505,28,0,477,576,2184
neos-826224.mps.gz,easy,NEOS Server Submission,neos-pseudoapplication-87,,41820,27540,0,14280,17266,127840
fiber.mps.gz,easy,MIPLIB submission pool,,,1298,1254,0,44,363,2944
nexp-150-20-8-5.mps.gz,easy,MIPLIB submission pool,exp_and_fc,,20115,17880,0,2235,4620,42465
prod1.mps.gz,easy,MIPLIB submission pool,,,250,149,0,101,208,5350
arki001.mps.gz,easy,MIPLIB submission pool,,,1388,442,96,850,1048,20420
rd-rplusc-21.mps.gz,easy,MIPLIB submission pool,,,622,457,0,165,125899,852384
ran12x21.mps.gz,easy,J. Aronson,ran,,504,252,0,252,285,1008
neos-595904.mps.gz,easy,NEOS Server Submission,neos-pseudoapplication-43,,4508,1148,0,3360,2452,22364
exp-1-500-5-5.mps.gz,easy,MIPLIB submission pool,exp_and_fc,,990,250,0,740,550,1980
neos-480878.mps.gz,easy,NEOS Server Submission,neos-pseudoapplication-76,,534,189,0,345,1321,44370
beasleyC1.mps.gz,easy,"F. Ortega, L. Wolsey",beasley,,2500,1250,0,1250,1750,5000
ns2071214.mps.gz,easy,NEOS Server Submission,neos-pseudoapplication-46,,2720,2220,0,500,6250,21474
30_70_45_05_100.mps.gz,easy,J. Walser,30_70,,10772,10771,0,1,12050,45889
qnet1.mps.gz,easy,MIPLIB submission pool,,,1541,1288,129,124,503,4622
ds.mps.gz,hard,MIPLIB submission pool,,,67732,67732,0,0,656,1024060
neos-953928.mps.gz,easy,NEOS Server Submission,neos-pseudoapplication-13,,23305,23305,0,0,12498,169861
markshare_4_0.mps.gz,easy,"G. Cornuéjols, M. Dawande",markshare,,34,30,0,4,4,123
khb05250.mps.gz,easy,MIPLIB submission pool,,,1350,24,0,1326,101,2700
nexp-50-20-1-1.mps.gz,easy,MIPLIB submission pool,exp_and_fc,,490,245,0,245,540,1225
qap10.mps.gz,easy,MIPLIB submission pool,,,4150,4150,0,0,1820,18200
k16x240b.mps.gz,easy,MIPLIB submission pool,fixed-cost-network-flow,,480,240,0,240,256,960
cost266-UUE.mps.gz,easy,MIPLIB submission pool,network_design,,4161,171,0,3990,1446,12312
neos-850681.mps.gz,easy,NEOS Server Submission,neos-pseudoapplication-12,,2594,2479,16,99,2067,37113
core4284-1064.mps.gz,open,"A. Caprara, M. Fischetti, P. Toth",core,,21714,21705,0,9,4287,245121
p500x2988d.mps.gz,easy,MIPLIB submission pool,pr_product,,5976,2988,0,2988,3488,11952
neos-935234.mps.gz,easy,NEOS Server Submission,neos-pseudoapplication-34,,10309,7530,0,2779,9568,55271
mik-250-20-75-2.mps.gz,easy,MIPLIB submission pool,mik_250,,270,75,175,20,195,9270
opt1217.mps.gz,easy,MIPLIB submission pool,,,769,768,0,1,64,1542
22433.mps.gz,easy,MIPLIB submission pool,,,429,231,0,198,198,3408
nexp-50-20-4-2.mps.gz,easy,MIPLIB submission pool,exp_and_fc,,1225,980,0,245,540,2695
neos-631517.mps.gz,easy,NEOS Server Submission,neos-pseudoapplication-70,,1090,859,0,231,351,2743
dell.mps.gz,infeasible,MIPLIB submission pool,,infeasible,626,105,0,521,500,4580
neos-1430701.mps.gz,easy,NEOS Server Submission,neos-pseudoapplication-8,,312,156,0,156,668,2868
ic97_tension.mps.gz,easy,MIPLIB submission pool,,,703,176,4,523,319,2070
ab69-40-100.mps.gz,easy,MIPLIB submission pool,ab,,12622,12622,0,0,11911,74233
neos-1593097.mps.gz,easy,NEOS Server Submission,neos-pseudoapplication-77,,18460,18200,0,260,798,113308
neos-948346.mps.gz,easy,NEOS Server Submission,neos-pseudoapplication-48,,57855,57855,0,0,1570,540443
neos-873061.mps.gz,easy,NEOS Server Submission,neos-pseudoapplication-61,,175288,87644,0,87644,93360,350576
mas76.mps.gz,easy,MIPLIB submission pool,,,151,150,0,1,12,1640
neos-1445532.mps.gz,easy,NEOS Server Submission,neos-pseudoapplication-88,,14406,1999,0,12407,1924,27736
mc7.mps.gz,easy,"F. Ortega, L. Wolsey",mc,,3040,1520,0,1520,1920,6080
mtest4ma.mps.gz,easy,MIPLIB submission pool,,,1950,975,0,975,1174,4875
neos-932721.mps.gz,easy,NEOS Server Submission,neos-pseudoapplication-56,,22266,21825,0,441,18085,107908
ab71-20-100.mps.gz,easy,MIPLIB submission pool,ab,,6689,6689,0,0,6380,41961
h80x6320.mps.gz,easy,MIPLIB submission pool,fixed-cost-network-flow,,12640,6320,0,6320,79,6320
neos8.mps.gz,easy,NEOS Server Submission,neos-pseudoapplication-15,,23228,23224,4,0,46324,313180
brasil.mps.gz,easy,MIPLIB submission pool,,,6612,3306,0,3306,3364,13224
ab51-40-100.mps.gz,easy,MIPLIB submission pool,ab,,12675,12675,0,0,11893,72745
neos-1603965.mps.gz,easy,NEOS Server Submission,neos-pseudoapplication-35,,15003,7999,0,7004,28984,56967
prod2.mps.gz,easy,MIPLIB submission pool,,,301,200,0,101,211,10501
neos-1061020.mps.gz,easy,NEOS Server Submission,neos-pseudoapplication-11,,14010,10333,3598,79,10618,114508
10teams.mps.gz,easy,MIPLIB submission pool,,,2025,1800,0,225,230,12150
neos-1445738.mps.gz,easy,NEOS Server Submission,neos-pseudoapplication-88,,20631,2150,0,18481,2145,40256
neos2.mps.gz,easy,NEOS Server Submission,neos-pseudoapplication-93,,2101,1040,0,1061,1103,7326
n370b.mps.gz,open,J. Aronson,n37,,10000,5000,0,5000,5150,20000
aligninq.mps.gz,easy,MIPLIB submission pool,,,1831,1830,0,1,340,15734
beasleyC2.mps.gz,easy,"F. Ortega, L. Wolsey",beasley,,2500,1250,0,1250,1750,5000
gt2.mps.gz,easy,MIPLIB submission pool,,,188,24,164,0,29,376
neos-983171.mps.gz,easy,NEOS Server Submission,neos-pseudoapplication-34,,8965,6557,0,2408,6711,36691
sp98ar.mps.gz,easy,"J. Goessens, S. v. Hoessel, L. Kroon",sp9,,15085,15085,0,0,1435,426148
neos4.mps.gz,easy,NEOS Server Submission,neos-pseudoapplication-65,,22884,17172,0,5712,38577,96042
neos-691058.mps.gz,easy,NEOS Server Submission,neos-pseudoapplication-110,,3006,1755,0,1251,2667,30837
n13-3.mps.gz,easy,A. Atamtürk,nxy-z,,3472,0,186,3286,1723,13516
mik-250-20-75-1.mps.gz,easy,MIPLIB submission pool,mik_250,,270,75,175,20,195,9270
23588.mps.gz,easy,MIPLIB submission pool,,,368,231,0,137,137,3701
stein45inf.mps.gz,infeasible,MIPLIB submission pool,stein,infeasible,45,45,0,0,332,1079
blp-ir98.mps.gz,easy,M. Lübbecke,blp,,6097,6031,0,66,486,79152
ran13x13.mps.gz,easy,J. Aronson,ran,,338,169,0,169,195,676
stein9inf.mps.gz,infeasible,MIPLIB submission pool,stein,infeasible,9,9,0,0,14,54
neos-860300.mps.gz,easy,NEOS Server Submission,neos-pseudoapplication-23,,1385,1384,0,1,850,384329
r50x360.mps.gz,easy,MIPLIB submission pool,pr_product,,720,360,0,360,410,1440
nh97_tension.mps.gz,easy,MIPLIB submission pool,,,1576,257,361,958,737,5264
g200x740.mps.gz,easy,MIPLIB submission pool,fixed-cost-network-flow,,1480,740,0,740,940,2960
rlp1.mps.gz,easy,MIPLIB submission pool,,,461,450,0,11,68,836
neos-1445765.mps.gz,easy,NEOS Server Submission,neos-pseudoapplication-88,,20617,2150,0,18467,2147,40230
tr12-30.mps.gz,easy,MIPLIB submission pool,,,1080,360,0,720,750,2508
eilC76-2.mps.gz,easy,J. Linderoth,eil,,28599,28599,0,0,75,314837
nexp-150-20-1-5.mps.gz,easy,MIPLIB submission pool,exp_and_fc,,4470,2235,0,2235,4620,11175
rococoC11-010100.mps.gz,easy,"A. Chabrier, E. Danna, C. Le Pape, L. Perron",rococo,,12321,12155,166,0,4010,46955
neos-585192.mps.gz,easy,NEOS Server Submission,neos-pseudoapplication-92,,2597,1044,0,1553,2628,72396
neos5.mps.gz,easy,NEOS Server Submission,neos-pseudoapplication-21,,63,53,0,10,63,2016
neos-1171448.mps.gz,easy,NEOS Server Submission,neos-pseudoapplication-8,,4914,2457,0,2457,13206,131859
icir97_tension.mps.gz,easy,MIPLIB submission pool,,,2494,262,573,1659,1203,22333
mod010.mps.gz,easy,MIPLIB submission pool,mod,,2655,2655,0,0,146,11203
flugpl.mps.gz,easy,MIPLIB submission pool,,,18,0,11,7,18,46
neos-498623.mps.gz,easy,NEOS Server Submission,neos-pseudoapplication-5,,9861,8500,0,1361,2047,148434
n3707.mps.gz,open,J. Aronson,n37,,10000,5000,0,5000,5150,20000
bc.mps.gz,easy,MIPLIB submission pool,bc,,1751,483,0,1268,1913,227072
disctom.mps.gz,easy,MIPLIB submission pool,,,10000,10000,0,0,399,30000
dcmulti.mps.gz,easy,MIPLIB submission pool,,,548,75,0,473,290,1315
neos-555343.mps.gz,easy,NEOS Server Submission,neos-pseudoapplication-15,,3815,3800,15,0,3326,16967
core2586-950.mps.gz,open,"A. Caprara, M. Fischetti, P. Toth",core,,13226,13215,0,11,2589,104678
neos-1223462.mps.gz,easy,NEOS Server Submission,neos-pseudoapplication-12,,5495,5180,315,0,5890,47040
neos-960392.mps.gz,easy,NEOS Server Submission,neos-pseudoapplication-94,,59376,59376,0,0,4744,189503
neos-574665.mps.gz,easy,NEOS Server Submission,neos-pseudoapplication-78,,740,184,64,492,3790,16792
cap6000.mps.gz,easy,MIPLIB submission pool,,,6000,6000,0,0,2176,48243
n3709.mps.gz,open,J. Aronson,n37,,10000,5000,0,5000,5150,20000
enlight_hard.mps.gz,easy,A. Zymolka,enlight,,200,100,100,0,100,560
misc04inf.mps.gz,infeasible,MIPLIB submission pool,misc,infeasible,4897,30,0,4867,1726,17253
swath3.mps.gz,easy,D. Panton,swath,,6805,2706,0,4099,884,34965
sp150x300d.mps.gz,easy,MIPLIB submission pool,sp_product,,600,300,0,300,450,1200
dfn-bwin-DBE.mps.gz,open,MIPLIB submission pool,network_design,,3285,2475,0,810,235,9855
mik-250-20-75-4.mps.gz,easy,MIPLIB submission pool,mik_250,,270,75,175,20,195,9270
timtab1CUTS.mps.gz,easy,"C. Liebchen, R. Möhring",timtab,,397,77,94,226,371,1742
dano3_3.mps.gz,easy,Daniel Bienstock,dano,,13873,69,0,13804,3202,79655
p500x2988c.mps.gz,easy,MIPLIB submission pool,pr_product,,5976,2988,0,2988,3488,11952
neos-1420546.mps.gz,open,NEOS Server Submission,neos-pseudoapplication-9,,26055,1125,0,24930,12671,67959
neos-827175.mps.gz,easy,NEOS Server Submission,neos-pseudoapplication-87,,32504,21350,0,11154,14187,110790
nu4-pr9.mps.gz,easy,MIPLIB submission pool,nus-prxy,,7350,7308,42,0,2220,22176
nsrand-ipx.mps.gz,easy,MIPLIB submission pool,,,6621,6620,0,1,735,223261
mc8.mps.gz,easy,"F. Ortega, L. Wolsey",mc,,3040,1520,0,1520,1920,6080
neos-913984.mps.gz,easy,NEOS Server Submission,neos-pseudoapplication-2,,76000,76000,0,0,1076,152000
neos-1582420.mps.gz,easy,NEOS Server Submission,neos-pseudoapplication-10,,10100,10000,100,0,10180,24814
neos-1423785.mps.gz,open,NEOS Server Submission,neos-pseudoapplication-98,,21506,1920,0,19586,25721,64082
qnet1_o.mps.gz,easy,MIPLIB submission pool,,,1541,1288,129,124,456,4214
ger50-17-trans-pop-3t.mps.gz,open,C. Raack,ger50,,22414,0,18062,4352,499,172035
neos-503737.mps.gz,easy,NEOS Server Submission,neos-pseudoapplication-47,,2850,2500,0,350,500,16850
mitre.mps.gz,easy,MIPLIB submission pool,,,10724,10724,0,0,2054,39704
nu120-pr9.mps.gz,easy,MIPLIB submission pool,nus-prxy,,7350,7308,42,0,2220,22176
ab72-40-100.mps.gz,easy,MIPLIB submission pool,ab,,12370,12370,0,0,11671,72137
neos-954925.mps.gz,easy,NEOS Server Submission,neos-pseudoapplication-48,,84718,84718,0,0,2989,844983
neos-1330346.mps.gz,easy,NEOS Server Submission,neos-pseudoapplication-49,,2664,2664,0,0,4248,13032
fast0507.mps.gz,easy,MIPLIB submission pool,,,63009,63009,0,0,507,409349
neos-578379.mps.gz,easy,NEOS Server Submission,neos-pseudoapplication-42,,17010,17010,0,0,21703,101560
neos-950242.mps.gz,easy,NEOS Server Submission,neos-pseudoapplication-72,,5760,5520,240,0,34224,104160
neos-872648.mps.gz,easy,NEOS Server Submission,neos-pseudoapplication-61,,175219,87575,0,87644,93291,350438
neos-662469.mps.gz,easy,NEOS Server Submission,neos-pseudoapplication-73,,18235,17907,328,0,1085,200055
ta1-UUM.mps.gz,easy,MIPLIB submission pool,network_design,,2288,0,605,1683,439,5654
neos-525149.mps.gz,easy,NEOS Server Submission,neos-pseudoapplication-110,,3640,3600,0,40,144120,1519200
ab67-40-100.mps.gz,easy,MIPLIB submission pool,ab,,12812,12812,0,0,12092,75871
ns4-pr6.mps.gz,easy,MIPLIB submission pool,nus-prxy,,6919,0,37,6882,2639,20868
ger50-17-ptp-pop-6t.mps.gz,open,C. Raack,ger50,,4892,0,540,4352,545,14285
ger50-17-ptp-pop-3t.mps.gz,open,C. Raack,ger50,,4892,0,540,4352,545,14285
enlight11.mps.gz,infeasible,A. Zymolka,enlight,infeasible,242,121,121,0,121,682
ns2034125.mps.gz,easy,NEOS Server Submission,neos-pseudoapplication-67,,12000,9000,0,3000,14401,2549070
gen.mps.gz,easy,MIPLIB submission pool,,,870,144,6,720,780,2592
dano3_5.mps.gz,easy,Daniel Bienstock,dano,,13873,115,0,13758,3202,79655
neos-633273.mps.gz,easy,NEOS Server Submission,neos-pseudoapplication-10,,11154,11154,0,0,21781,63910
neos-957323.mps.gz,easy,NEOS Server Submission,neos-pseudoapplication-48,,57756,57756,0,0,3757,499656
rentacar.mps.gz,easy,MIPLIB submission pool,,,9557,55,0,9502,6803,41842
neos9.mps.gz,easy,NEOS Server Submission,neos-pseudoapplication-5,,81408,2099,0,79309,31600,244224
neos17.mps.gz,easy,NEOS Server Submission,neos-pseudoapplication-66,,535,300,0,235,486,4931
trento1.mps.gz,easy,MIPLIB submission pool,,,7687,6415,0,1272,1265,93571
railway_8_1_0.mps.gz,easy,MIPLIB submission pool,,,1796,1177,0,619,2527,7098
nw04.mps.gz,easy,MIPLIB submission pool,,,87482,87482,0,0,36,636666
acc-tight2.mps.gz,easy,J. Walser,acc-tight,,1620,1620,0,0,2520,15327
neos-820879.mps.gz,easy,NEOS Server Submission,neos-pseudoapplication-23,,9522,9522,0,0,361,72356
neos-585467.mps.gz,easy,NEOS Server Submission,neos-pseudoapplication-92,,2116,846,0,1270,2166,50058
enlight4.mps.gz,infeasible,A. Zymolka,enlight,infeasible,32,16,16,0,16,80
swath1.mps.gz,easy,D. Panton,swath,,6805,2306,0,4499,884,34965
beavma.mps.gz,easy,MIPLIB submission pool,,,390,195,0,195,372,975
neos-619167.mps.gz,easy,NEOS Server Submission,neos-pseudoapplication-83,,3452,400,0,3052,6800,20020
aflow30a.mps.gz,easy,T. Achterberg,aflow,,842,421,0,421,479,2091
neos-1354092.mps.gz,easy,NEOS Server Submission,neos-pseudoapplication-47,,13702,13282,420,0,3135,187187
liu.mps.gz,open,X. Liu,,,1156,1089,0,67,2178,10626
maxgasflow.mps.gz,easy,G. Gamrath,,,7437,2456,0,4981,7160,19717
ns1830653.mps.gz,easy,NEOS Server Submission,neos-pseudoapplication-110,,1629,1458,0,171,2932,100933
p2m2p1m1p0n100.mps.gz,infeasible,"B. Krishnamoorthy, G. Pataki",,infeasible,100,100,0,0,1,100
dolom1.mps.gz,hard,Double-Click SAS,,,11612,9720,0,1892,1803,190413
rmatr200-p10.mps.gz,easy,Dmitry Krushinsky,rmatr,,35254,200,0,35054,35055,105362
var-smallemery-m6j6.mps.gz,easy,Daniel Espinoza,,,5608,5606,0,2,13416,850621
lectsched-3.mps.gz,easy,Harald Schilly,lectsched,,25776,25319,457,0,45262,279967
stp3d.mps.gz,hard,T. Koch,,,204880,204880,0,0,159488,662128
map06.mps.gz,easy,Kiyan Ahmadizadeh,map,,164547,146,0,164401,328818,549920
usafa.mps.gz,easy,Christopher Daniel Richards,,,228648,216357,12291,0,1377561,16485100
acc-tight5.mps.gz,easy,J. Walser,acc-tight,,1339,1339,0,0,3052,16134
ponderthis0517-inf.mps.gz,infeasible,Rob Pratt,,infeasible,975,975,0,0,78,2925
hawaiiv10-130.mps.gz,easy,Jennifer Van Dinter,,,685130,578444,0,106686,1388052,183263000
neos6.mps.gz,easy,NEOS Server Submission,neos-pseudoapplication-47,,8786,8340,0,446,1036,251946
s250r10.mps.gz,easy,Daniel Espinoza,Spinoza,,273142,273139,0,3,10962,1318610
mzzv11.mps.gz,easy,S. Lukac,,,10240,9989,251,0,9499,134603
neos-1605061.mps.gz,easy,NEOS Server Submission,neos-pseudoapplication-5,,4111,3570,0,541,3474,93483
ci-s4.mps.gz,easy,Alexandra M. Newman,,,745,355,150,240,26159,129124
netdiversion.mps.gz,easy,Chris Cullenbine,,,129180,129180,0,0,119589,615282
pb-market-split8-70-4.mps.gz,open,Gleb Belov,pb-,,71,71,0,0,17,1113
pb-gfrd-pnc.mps.gz,open,Gleb Belov,pb-,,27888,27888,0,0,874,60737
pb-grow22.mps.gz,open,Gleb Belov,pb-,,25124,25124,0,0,1320,154694
pb-fit2d.mps.gz,easy,Gleb Belov,pb-,,118500,118500,0,0,10525,1575580
probportfolio.mps.gz,hard,Feng Qiu,,,320,300,0,20,302,6620
nsr8k.mps.gz,open,MIPLIB submission pool,,,38356,32040,0,6316,6284,371608
t1722.mps.gz,open,R. Borndörfer,,,36630,36630,0,0,338,133096
neos-5044663-wairoa.mps.gz,open,Hans Mittelmann,neos-pseudoapplication-53,,63540,0,44513,19027,21479,538629
berlin_5_8_0.mps.gz,easy,G. Klau,,,1083,794,0,289,1532,4507
mkc.mps.gz,hard,"J. Kalagnanam, M. Dawande",,,5325,5323,0,2,3411,17038
allcolor10.mps.gz,open,Domenico Salvagnin,allcolor,,14872,476,13776,620,34014,89136
datt256.mps.gz,open,Jon Dattorro,,,262144,262144,0,0,11077,1503730
sp98ir.mps.gz,easy,"J. Goessens, S. v. Hoessel, L. Kroon",sp9,,1680,992,688,0,1531,71704
bts4-cta.mps.gz,open,Jordi Castro,cta,,75400,2260,0,73140,45350,291904
australia-abs-cta.mps.gz,easy,Jordi Castro,cta,,49758,918,0,48840,3946,33792
cbs-cta.mps.gz,easy,Jordi Castro,cta,,24793,2467,0,22326,10112,64388
dale-cta.mps.gz,easy,Jordi Castro,cta,,37951,4923,0,33028,20097,105440
osorio-cta.mps.gz,easy,Jordi Castro,cta,,20409,7,0,20402,230,40860
neos-933966.mps.gz,easy,NEOS Server Submission,neos-pseudoapplication-34,,31762,27982,0,3780,12047,180618
cvs08r139-94.mps.gz,easy,Michael Bastubbe,cvs,,1864,1864,0,0,2398,6456
breastcancer-regularized.mps.gz,easy,Berk Ustun,ustun,,715,692,14,9,723,8283
mushroom-best.mps.gz,easy,Berk Ustun,ustun,,8468,8237,118,113,8580,188735
adult-max5features.mps.gz,open,Berk Ustun,ustun,,32674,32597,41,36,32709,417567
adult-regularized.mps.gz,open,Berk Ustun,ustun,,32674,32597,41,36,32709,417567
sct2.mps.gz,easy,Siemens,sct,,5885,2872,0,3013,2151,23643
sct31.mps.gz,easy,Siemens,sct,,8515,5520,0,2995,3932,68453
fhnw-sq3.mps.gz,infeasible,Simon Felix,fhnw-sq,infeasible,2450,2401,49,0,167,7372
fhnw-sq2.mps.gz,hard,Simon Felix,fhnw-sq,,650,625,25,0,91,1968
nucorsav.mps.gz,open,Alexandra M. Newman,,,55410,49360,0,6050,1812472,26170400
neos-1442119.mps.gz,easy,NEOS Server Submission,neos-pseudoapplication-8,,728,364,0,364,1524,6692
supportcase38.mps.gz,open,Domenico Salvagnin,,,6296679,2505,0,6294174,4231124,15728600
neos-686190.mps.gz,easy,NEOS Server Submission,neos-pseudoapplication-60,,3660,3600,60,0,3664,18085
sorrell7.mps.gz,open,Toni Sorrell,independentset,,2048,2048,0,0,78848,157696
sorrell3.mps.gz,easy,Toni Sorrell,independentset,,1024,1024,0,0,169162,338324
sorrell4.mps.gz,open,Toni Sorrell,independentset,,2048,2048,0,0,504451,1008900
sorrell8.mps.gz,easy,Toni Sorrell,independentset,,2046,2046,0,0,18944,37888
bnatt400.mps.gz,easy,Tatsuya Akutsu,bnatt,,3600,3600,0,0,5614,21698
tbfp-network.mps.gz,easy,Rob Pratt,,,72747,72747,0,0,2436,215837
tbfp-bigm.mps.gz,hard,Rob Pratt,,,2406,2404,0,2,35999,74338
glass-sc.mps.gz,easy,Marc Pfetsch,maxfeassub,,214,214,0,0,6119,63918
physiciansched6-1.mps.gz,easy,Pelin Damci-Kurt,physiciansched,,126204,104778,0,21426,175664,542098
physiciansched6-2.mps.gz,easy,Pelin Damci-Kurt,physiciansched,,111827,109346,0,2481,168336,480259
physiciansched5-3.mps.gz,easy,Pelin Damci-Kurt,physiciansched,,14488,11501,0,2987,31925,156378
physiciansched3-3.mps.gz,easy,Pelin Damci-Kurt,physiciansched,,79555,72141,0,7414,266227,1062480
physiciansched3-4.mps.gz,easy,Pelin Damci-Kurt,physiciansched,,74119,65900,0,8219,239780,908634
r4l4-02-tree-bounds-50.mps.gz,open,Christian Liebchen,,,11468,1938,2830,6700,4768,19072
neos-5013590-toitoi.mps.gz,easy,Hans Mittelmann,neos-pseudoapplication-106,,27061,27060,0,1,53957,134480
acc-tight4.mps.gz,easy,J. Walser,acc-tight,,1620,1620,0,0,3285,17073
ex9.mps.gz,easy,Iulian Ober,,,10404,0,10404,0,40962,517112
buildingenergy.mps.gz,easy,Kristopher A. Pruitt,,,154978,0,26287,128691,277594,788969
b2c1s1.mps.gz,easy,"M. Vyve, Y. Pochet",c1s1,,3872,288,0,3584,3904,11408
loopha13.mps.gz,easy,Hamideh,,,19356,18150,0,1206,23758,41809
allcolor58.mps.gz,open,Domenico Salvagnin,allcolor,,84376,2492,78288,3596,197154,515184
t1717.mps.gz,open,R. Borndörfer,,,73885,73885,0,0,551,325689
momentum1.mps.gz,easy,T. Koch,momentum,,5174,2349,0,2825,42680,103191
stockholm.mps.gz,open,Paul Rubin,,,20644,962,0,19682,57346,171076
dlr1.mps.gz,open,Felix Cebulla,,,9142907,0,124217,9018690,1735470,18365100
dlr2.mps.gz,open,Felix Cebulla,,,38868107,0,532697,38335410,7132926,78091600
rocI-4-11.mps.gz,easy,Joerg Rambau,rocI,,6839,5192,1016,631,10883,27383
rocII-5-11.mps.gz,easy,Joerg Rambau,rocI,,11523,11341,0,182,26897,303291
rocII-8-11.mps.gz,open,Joerg Rambau,rocI,,18390,18106,0,284,42374,483846
rocII-10-11.mps.gz,open,Joerg Rambau,rocI,,22968,22616,0,352,52692,604216
rocI-3-11.mps.gz,easy,Joerg Rambau,rocI,,5132,3894,762,476,8165,20540
ns1849932.mps.gz,open,NEOS Server Submission,neos-pseudoapplication-60,,128521,128164,0,357,128880,766124
ns1760995.mps.gz,easy,NEOS Server Submission,neos-pseudoapplication-12,,17956,17822,0,134,615388,1854010
ns1430538.mps.gz,hard,NEOS Server Submission,neos-pseudoapplication-76,,33616,1680,0,31936,34960,178112
ns1679495.mps.gz,open,NEOS Server Submission,neos-pseudoapplication-9,,341780,10580,0,331200,14928,1678360
ns1690781.mps.gz,open,NEOS Server Submission,neos-pseudoapplication-8,,5736,2880,0,2856,11181,262360
ns1828997.mps.gz,open,NEOS Server Submission,neos-pseudoapplication-13,,27275,27275,0,0,81725,190670
bab5.mps.gz,easy,Elmar Swarat,bab,,21600,21600,0,0,4964,155520
transportmoment.mps.gz,easy,G. Gamrath,,,9685,2456,0,7229,9616,29541
mine-166-5.mps.gz,easy,Andreas Bley,mine,,830,830,0,0,8429,19412
markshare_5_0.mps.gz,easy,"G. Cornuéjols, M. Dawande",markshare,,45,40,0,5,5,203
neos-3703351-marne.mps.gz,easy,Jeff Linderoth,neos-pseudoapplication-3,,8827,1382,0,7445,4123,55293
neos-2626858-aoos.mps.gz,infeasible,Jeff Linderoth,neos-pseudoapplication-7,infeasible,524,209,315,0,342,1690
neos-3230511-yuna.mps.gz,easy,Jeff Linderoth,neos-pseudoapplication-4,,99472,99456,0,16,19335696,58613700
neos-3610173-itata.mps.gz,easy,Jeff Linderoth,neos-pseudoapplication-91,,844,77,0,767,747,2130
neos-3665875-lesum.mps.gz,easy,Jeff Linderoth,neos-pseudoapplication-9,,3128,320,0,2808,3184,10640
neos-4960896-besbre.mps.gz,easy,Jeff Linderoth,neos-pseudoapplication-59,,6149,1809,0,4340,14793,98690
neos-3135526-osun.mps.gz,infeasible,Jeff Linderoth,neos-pseudoapplication-71,infeasible,192,170,0,22,1546,25750
neos-5107597-kakapo.mps.gz,easy,Jeff Linderoth,neos-pseudoapplication-54,,3114,2976,0,138,6498,19392
neos-4295773-pissa.mps.gz,open,Jeff Linderoth,neos-pseudoapplication-6,,85126,85124,0,2,210116,552408
neos-3065804-namu.mps.gz,easy,Jeff Linderoth,neos-pseudoapplication-41,,4741,2190,0,2551,3280,574830
neos-5178119-nalagi.mps.gz,easy,Jeff Linderoth,neos-pseudoapplication-62,,4167,4068,0,99,6921,74476
neos-5151569-mologa.mps.gz,open,Jeff Linderoth,neos-pseudoapplication-82,,108116,22230,0,85886,45671,517666
neos-4322846-ryton.mps.gz,easy,Jeff Linderoth,neos-pseudoapplication-6,,108700,108699,0,1,104972,452044
neos-5138690-middle.mps.gz,easy,Jeff Linderoth,neos-pseudoapplication-104,,562786,12418,0,550368,776608,3353970
neos-3761878-oglio.mps.gz,easy,Jeff Linderoth,neos-pseudoapplication-3,,6489,1312,0,5177,3871,35511
neos-4321076-ruwer.mps.gz,open,Jeff Linderoth,neos-pseudoapplication-98,,361730,122,0,361608,509809,1265750
neos-3048764-nadi.mps.gz,easy,Jeff Linderoth,neos-pseudoapplication-43,,12360,9390,0,2970,3186,21867
neos-5076235-embley.mps.gz,easy,Jeff Linderoth,neos-pseudoapplication-17,,49686,98,0,49588,63112,1089560
neos-4232544-orira.mps.gz,open,Jeff Linderoth,neos-pseudoapplication-57,,87060,38280,5700,43080,180600,492456
neos-5116085-kenana.mps.gz,easy,Jeff Linderoth,neos-pseudoapplication-24,,509236,12376,0,496860,690242,3032790
neos-4736745-arroux.mps.gz,easy,Jeff Linderoth,neos-pseudoapplication-37,,6216,1120,5096,0,1827,19281
neos-3218348-suir.mps.gz,infeasible,Jeff Linderoth,neos-pseudoapplication-72,infeasible,7022,7006,0,16,1320,221881
neos-4535459-waipa.mps.gz,open,Jeff Linderoth,neos-pseudoapplication-67,,961401,640000,0,321401,163001,256963000
neos-3699377-maori.mps.gz,easy,Jeff Linderoth,neos-pseudoapplication-3,,17233,1856,0,15377,5587,125895
neos-3530903-gauja.mps.gz,easy,Jeff Linderoth,neos-pseudoapplication-105,,2310,420,1890,0,220,4410
neos-3709489-menik.mps.gz,easy,Jeff Linderoth,neos-pseudoapplication-44,,48005,31506,15424,1075,59587,199272
neos-3592146-hawea.mps.gz,easy,Jeff Linderoth,neos-pseudoapplication-37,,4870,525,4345,0,995,13880
neos-3594536-henty.mps.gz,open,Jeff Linderoth,neos-pseudoapplication-83,,22924,0,22924,0,21280,65712
neos-4531126-vouga.mps.gz,open,Jeff Linderoth,neos-pseudoapplication-87,,169996,169996,0,0,7694,967980
neos-5157194-moruya.mps.gz,infeasible,Jeff Linderoth,neos-pseudoapplication-41,infeasible,24557,13302,1681,9574,30175,9381780
neos-5118834-korana.mps.gz,easy,Jeff Linderoth,neos-pseudoapplication-24,,470050,11410,0,458640,649124,2796960
neos-4532248-waihi.mps.gz,easy,Jeff Linderoth,neos-pseudoapplication-6,,86842,86841,0,1,167322,525339
neos-4724674-aorere.mps.gz,easy,Jeff Linderoth,neos-pseudoapplication-30,,94145,87022,22,7101,137123,376775
neos-3611447-jijia.mps.gz,easy,Jeff Linderoth,neos-pseudoapplication-91,,472,85,0,387,377,1145
neos-4954672-berkel.mps.gz,easy,Jeff Linderoth,neos-pseudoapplication-43,,1533,630,0,903,1848,8007
neos-3208254-reiu.mps.gz,open,Jeff Linderoth,neos-pseudoapplication-98,,3154336,3743,0,3150593,9464908,25080200
neos-3226448-wkra.mps.gz,easy,Jeff Linderoth,neos-pseudoapplication-103,,10012,10012,0,0,2208,40048
neos-3603137-hoteo.mps.gz,open,Jeff Linderoth,neos-pseudoapplication-38,,4003,3913,90,0,10510,39146
neos-3024952-loue.mps.gz,easy,Jeff Linderoth,neos-pseudoapplication-86,,3255,0,3255,0,3705,17310
neos-3148108-pahi.mps.gz,easy,Jeff Linderoth,neos-pseudoapplication-49,,12241,12241,0,0,154774,353504
neos-4738912-atrato.mps.gz,easy,Jeff Linderoth,neos-pseudoapplication-37,,6216,1120,5096,0,1947,19521
neos-3759587-noosa.mps.gz,easy,Jeff Linderoth,neos-pseudoapplication-61,,27029,4289,0,22740,72104,318169
neos-3352863-ancoa.mps.gz,open,Jeff Linderoth,neos-pseudoapplication-100,,20046,20045,0,1,169,869239
neos-4984115-canche.mps.gz,easy,Jeff Linderoth,neos-pseudoapplication-69,,268859,0,65,268794,180214,1351940
neos-5081619-ganges.mps.gz,easy,Jeff Linderoth,neos-pseudoapplication-59,,66432,7900,0,58532,187024,547574
neos-4230265-orari.mps.gz,open,Jeff Linderoth,neos-pseudoapplication-57,,32980,13380,10,19590,76374,189026
neos-4285819-pedja.mps.gz,open,Jeff Linderoth,neos-pseudoapplication-79,,721438,686647,0,34791,1518618,4866060
neos-4300652-rahue.mps.gz,easy,Jeff Linderoth,neos-pseudoapplication-13,,33003,20900,0,12103,76992,183616
neos-3656078-kumeu.mps.gz,easy,Jeff Linderoth,neos-pseudoapplication-44,,14870,9755,4455,660,17656,59292
neos-3610051-istra.mps.gz,easy,Jeff Linderoth,neos-pseudoapplication-91,,805,76,0,729,709,1999
neos-4972461-bolong.mps.gz,easy,Jeff Linderoth,neos-pseudoapplication-85,,245028,7428,0,237600,341424,1456690
neos-3229051-yass.mps.gz,easy,Jeff Linderoth,neos-pseudoapplication-23,,99472,99456,0,16,18846096,57144900
neos-4722843-widden.mps.gz,easy,Jeff Linderoth,neos-pseudoapplication-30,,77723,73349,20,4354,113555,311529
neos-3045796-mogo.mps.gz,easy,Jeff Linderoth,neos-pseudoapplication-22,,11016,11016,0,0,2226,44442
neos-5078479-escaut.mps.gz,easy,Jeff Linderoth,neos-pseudoapplication-35,,3471,1330,0,2141,3442,9062
neos-3230376-yser.mps.gz,easy,Jeff Linderoth,neos-pseudoapplication-4,,57000,56976,0,24,786916,2372590
neos-3075395-nile.mps.gz,easy,Jeff Linderoth,neos-pseudoapplication-50,,26928,1728,0,25200,27756,102672
neos-5108386-kalang.mps.gz,easy,Jeff Linderoth,neos-pseudoapplication-104,,600880,12292,0,588588,849226,3585990
neos-4533806-waima.mps.gz,open,Jeff Linderoth,neos-pseudoapplication-31,,93318,93304,0,14,52983,1250570
neos-5045105-creuse.mps.gz,open,Jeff Linderoth,neos-pseudoapplication-78,,3848,0,3780,68,252,23108
neos-3237086-abava.mps.gz,open,Jeff Linderoth,neos-pseudoapplication-51,,50192,50192,0,0,69472,233552
neos-5114902-kasavu.mps.gz,easy,Jeff Linderoth,neos-pseudoapplication-104,,710164,14560,0,695604,961170,4240380
neos-3755335-nizao.mps.gz,easy,Jeff Linderoth,neos-pseudoapplication-61,,40938,5226,0,35712,111026,547794
neos-3214367-sovi.mps.gz,hard,Jeff Linderoth,neos-pseudoapplication-56,,4318,4139,179,0,7244,93911
neos-2978193-inde.mps.gz,easy,Jeff Linderoth,neos-pseudoapplication-5,,20800,64,0,20736,396,41600
neos-5188808-nattai.mps.gz,easy,Jeff Linderoth,neos-pseudoapplication-98,,14544,288,0,14256,29452,133686
neos-3118745-obra.mps.gz,easy,Jeff Linderoth,neos-pseudoapplication-26,,1131,1130,0,1,144,4521
neos-5051588-culgoa.mps.gz,easy,Jeff Linderoth,neos-pseudoapplication-86,,3918,0,3780,138,4144,31728
neos-3734794-moppy.mps.gz,easy,Jeff Linderoth,neos-pseudoapplication-25,,4418,1760,154,2504,4317,22430
neos-4387871-tavua.mps.gz,easy,Jeff Linderoth,neos-pseudoapplication-58,,4004,2000,0,2004,4554,23496
neos-3083819-nubu.mps.gz,easy,Jeff Linderoth,neos-pseudoapplication-31,,8644,0,8644,0,4725,24048
neos-4333596-skien.mps.gz,easy,Jeff Linderoth,neos-pseudoapplication-43,,1005,460,0,545,812,5811
neos-2652786-brda.mps.gz,easy,Jeff Linderoth,neos-pseudoapplication-7,,524,236,288,0,342,1690
neos-5104907-jarama.mps.gz,easy,Jeff Linderoth,neos-pseudoapplication-24,,345856,9520,0,336336,489818,2053550
neos-4966126-blavet.mps.gz,easy,Jeff Linderoth,neos-pseudoapplication-59,,37885,2516,0,35369,109265,320933
neos-2991472-kalu.mps.gz,open,Jeff Linderoth,neos-pseudoapplication-77,,12105,12096,0,9,18170,13709400
neos-3046601-motu.mps.gz,easy,Jeff Linderoth,neos-pseudoapplication-90,,308,272,17,19,563,1430
neos-4954340-beaury.mps.gz,easy,Jeff Linderoth,neos-pseudoapplication-59,,7850,2544,0,5306,20162,77435
neos-3355323-arnon.mps.gz,open,Jeff Linderoth,neos-pseudoapplication-38,,10248,10104,144,0,21216,69912
neos-3672928-linge.mps.gz,easy,Jeff Linderoth,neos-pseudoapplication-97,,62251,40081,19636,2534,76477,251299
neos-3611689-kaihu.mps.gz,easy,Jeff Linderoth,neos-pseudoapplication-91,,421,88,0,333,323,1014
neos-4976951-bunnoo.mps.gz,easy,Jeff Linderoth,neos-pseudoapplication-85,,293268,8148,0,285120,408336,1746680
neos-3283608-agout.mps.gz,easy,Jeff Linderoth,neos-pseudoapplication-84,,26256,26224,0,32,108649,301792
neos-3083784-nive.mps.gz,easy,Jeff Linderoth,neos-pseudoapplication-72,,4779,3240,0,1539,2836,11583
neos-3211096-shag.mps.gz,infeasible,Jeff Linderoth,neos-pseudoapplication-38,infeasible,4379,4289,90,0,10187,31705
neos-4332810-sesia.mps.gz,easy,Jeff Linderoth,neos-pseudoapplication-28,,20682487,20677405,20,5062,19912111,47513000
neos-3610040-iskar.mps.gz,easy,Jeff Linderoth,neos-pseudoapplication-91,,430,85,0,345,335,1023
neos-2987202-jeir.mps.gz,easy,Jeff Linderoth,neos-pseudoapplication-82,,146700,9045,0,137655,120209,1979660
neos-3572885-glina.mps.gz,easy,Jeff Linderoth,neos-pseudoapplication-38,,57196,34272,22924,0,44206,157180
neos-3209519-ruhr.mps.gz,easy,Jeff Linderoth,neos-pseudoapplication-14,,8675,8000,0,675,12500,61725
neos-4338804-snowy.mps.gz,easy,Jeff Linderoth,neos-pseudoapplication-40,,1344,1260,42,42,1701,6342
neos-2629914-sudost.mps.gz,open,Jeff Linderoth,neos-pseudoapplication-66,,496,256,0,240,51872,209792
neos-4650160-yukon.mps.gz,easy,Jeff Linderoth,neos-pseudoapplication-79,,1412,624,0,788,1969,6416
neos-3354841-apure.mps.gz,easy,Jeff Linderoth,neos-pseudoapplication-100,,1e+05,0,1e+05,0,169,5393090
neos-5093327-huahum.mps.gz,easy,Jeff Linderoth,neos-pseudoapplication-17,,40640,64,0,40576,51840,784768
neos-4355351-swalm.mps.gz,open,Jeff Linderoth,neos-pseudoapplication-58,,21065,10530,0,10535,21609,371467
neos-4972437-bojana.mps.gz,easy,Jeff Linderoth,neos-pseudoapplication-85,,293268,8148,0,285120,408192,1746400
neos-4409277-trave.mps.gz,hard,Jeff Linderoth,neos-pseudoapplication-47,,14363,14362,0,1,7875,204518
neos-3581454-haast.mps.gz,easy,Jeff Linderoth,neos-pseudoapplication-14,,8112,7512,0,600,17220,92976
neos-5123665-limmat.mps.gz,easy,Jeff Linderoth,neos-pseudoapplication-104,,655522,13426,0,642096,904358,3911500
neos-3762025-ognon.mps.gz,easy,Jeff Linderoth,neos-pseudoapplication-3,,4673,948,0,3725,2784,25384
neos-3230516-zala.mps.gz,easy,Jeff Linderoth,neos-pseudoapplication-4,,101856,101824,0,32,1146724,3427390
neos-2656603-coxs.mps.gz,infeasible,Jeff Linderoth,neos-pseudoapplication-7,infeasible,524,186,338,0,342,1690
neos-5106984-jizera.mps.gz,easy,Jeff Linderoth,neos-pseudoapplication-24,,470050,11410,0,458640,648984,2796680
neos-3009394-lami.mps.gz,open,Jeff Linderoth,neos-pseudoapplication-90,,2757,2704,52,1,2028,6760
neos-2657525-crna.mps.gz,easy,Jeff Linderoth,neos-pseudoapplication-7,,524,146,378,0,342,1690
neos-4971100-bodrog.mps.gz,easy,Jeff Linderoth,neos-pseudoapplication-20,,11929,1980,0,9949,14998,97827
neos-3530905-gaula.mps.gz,easy,Jeff Linderoth,neos-pseudoapplication-105,,2090,190,1900,0,200,3990
neos-3421095-cinca.mps.gz,easy,Jeff Linderoth,neos-pseudoapplication-25,,896,117,42,737,1218,3678
neos-2974461-ibar.mps.gz,open,Jeff Linderoth,neos-pseudoapplication-45,,214730,200352,14378,0,214107,2303100
neos-4335793-snake.mps.gz,open,Jeff Linderoth,neos-pseudoapplication-44,,30827,20473,7865,2489,37166,129119
neos-4703857-ahuroa.mps.gz,easy,Jeff Linderoth,neos-pseudoapplication-82,,266502,133470,0,133032,221496,536040
neos-5182409-nasivi.mps.gz,easy,Jeff Linderoth,neos-pseudoapplication-32,,2005,1600,0,405,580,14884
neos-5115478-kaveri.mps.gz,easy,Jeff Linderoth,neos-pseudoapplication-54,,3114,2976,0,138,6498,19392
neos-3754224-navua.mps.gz,not-easy-current,Jeff Linderoth,neos-pseudoapplication-83,,150228,3574,0,146654,232387,652974
neos-5041756-cobark.mps.gz,easy,Jeff Linderoth,neos-pseudoapplication-12,,60301,60000,0,301,30900,180900
neos-2669500-cust.mps.gz,easy,Jeff Linderoth,neos-pseudoapplication-52,,112008,110880,1120,8,105744,636728
neos-3426085-ticino.mps.gz,easy,Jeff Linderoth,neos-pseudoapplication-105,,4688,879,3809,0,308,9083
neos-3740487-motru.mps.gz,open,Jeff Linderoth,neos-pseudoapplication-61,,1689612,75566,0,1614046,4936372,26433500
neos-5083528-gimone.mps.gz,easy,Jeff Linderoth,neos-pseudoapplication-67,,60315,4792,55509,14,617,384472
neos-2328163-agri.mps.gz,easy,Jeff Linderoth,neos-pseudoapplication-36,,2236,2236,0,0,1963,12740
neos-5118851-kowhai.mps.gz,easy,Jeff Linderoth,neos-pseudoapplication-104,,613152,14112,0,599040,859504,3643970
neos-4333464-siret.mps.gz,easy,Jeff Linderoth,neos-pseudoapplication-58,,2731,1363,0,1368,2880,27710
neos-5192052-neckar.mps.gz,easy,Jeff Linderoth,neos-pseudoapplication-74,,180,24,0,156,57,545
neos-4562542-watut.mps.gz,open,Jeff Linderoth,neos-pseudoapplication-31,,134705,134694,0,11,73746,2015540
neos-3437289-erdre.mps.gz,easy,Jeff Linderoth,neos-pseudoapplication-87,,12162,12162,0,0,7358,149856
neos-2987310-joes.mps.gz,easy,Jeff Linderoth,neos-pseudoapplication-82,,27837,3051,0,24786,29015,580291
neos-2624317-amur.mps.gz,easy,Jeff Linderoth,neos-pseudoapplication-7,,524,180,344,0,342,1690
neos-4306827-ravan.mps.gz,easy,Jeff Linderoth,neos-pseudoapplication-30,,162291,155368,285,6638,261877,639474
neos-3381206-awhea.mps.gz,easy,Jeff Linderoth,neos-pseudoapplication-105,,2375,475,1900,0,479,4275
neos-4391920-timok.mps.gz,easy,Jeff Linderoth,neos-pseudoapplication-106,,93846,93786,0,60,184575,585839
neos-2746589-doon.mps.gz,easy,Jeff Linderoth,neos-pseudoapplication-52,,50936,50704,224,8,31530,271072
neos-4545615-waita.mps.gz,open,Jeff Linderoth,neos-pseudoapplication-31,,654950,654930,0,20,345152,10670200
neos-4290317-perth.mps.gz,open,Jeff Linderoth,neos-pseudoapplication-76,,54708,1042,0,53666,65580,398380
neos-3660371-kurow.mps.gz,easy,Jeff Linderoth,neos-pseudoapplication-9,,4722,144,0,4578,4758,12912
neos-3209462-rhin.mps.gz,open,Jeff Linderoth,neos-pseudoapplication-98,,56453,383,0,56070,170226,447473
neos-4359986-taipa.mps.gz,easy,Jeff Linderoth,neos-pseudoapplication-106,,25130,25095,0,35,48864,126561
neos-3696678-lyvia.mps.gz,easy,Jeff Linderoth,neos-pseudoapplication-56,,7683,7516,167,0,9004,30452
neos-2294525-abba.mps.gz,easy,Jeff Linderoth,neos-pseudoapplication-46,,10842,10086,0,756,11122,80010
neos-4477313-unzha.mps.gz,easy,Jeff Linderoth,neos-pseudoapplication-110,,2193,2016,0,177,4174,30400
neos-5052403-cygnet.mps.gz,easy,Jeff Linderoth,neos-pseudoapplication-100,,32868,32868,0,0,38268,4898300
neos-4805882-barwon.mps.gz,easy,Jeff Linderoth,neos-pseudoapplication-30,,22229,15809,18,6402,49386,117001
neos-4343293-stony.mps.gz,easy,Jeff Linderoth,neos-pseudoapplication-58,,9400,4698,0,4702,10650,55668
neos-5079731-flyers.mps.gz,easy,Jeff Linderoth,neos-pseudoapplication-17,,49686,98,0,49588,63112,1089560
neos-3373491-avoca.mps.gz,easy,Jeff Linderoth,neos-pseudoapplication-37,,2368,43,2325,0,1570,9438
neos-4413714-turia.mps.gz,easy,Jeff Linderoth,neos-pseudoapplication-67,,190402,190201,0,201,2303,761756
neos-3634244-kauru.mps.gz,open,Jeff Linderoth,neos-pseudoapplication-110,,4376,4375,0,1,761450,2292500
neos-5102383-irwell.mps.gz,easy,Jeff Linderoth,neos-pseudoapplication-17,,51450,98,0,51352,65464,1213040
neos-5125849-lopori.mps.gz,easy,Jeff Linderoth,neos-pseudoapplication-42,,8130,8040,90,0,453,20938
neos-5041822-cockle.mps.gz,open,Jeff Linderoth,neos-pseudoapplication-25,,227668,149313,0,78355,546733,1362470
neos-3116779-oban.mps.gz,easy,Jeff Linderoth,neos-pseudoapplication-26,,5141,5140,0,1,328,20561
neos-4332801-seret.mps.gz,easy,Jeff Linderoth,neos-pseudoapplication-28,,20682487,20677405,20,5062,19912111,47513000
neos-3402294-bobin.mps.gz,easy,Jeff Linderoth,neos-pseudoapplication-71,,2904,2616,0,288,591076,2034890
neos-3661949-lesse.mps.gz,easy,Jeff Linderoth,neos-pseudoapplication-11,,4775,560,4080,135,1140,15180
neos-4292145-piako.mps.gz,open,Jeff Linderoth,neos-pseudoapplication-57,,32950,13370,0,19580,75834,190186
neos-5193246-nerang.mps.gz,easy,Jeff Linderoth,neos-pseudoapplication-32,,14546,9792,0,4754,42256,175794
neos-3068746-nene.mps.gz,open,Jeff Linderoth,neos-pseudoapplication-45,,4890,3815,1075,0,4664,29515
neos-5049753-cuanza.mps.gz,easy,Jeff Linderoth,neos-pseudoapplication-85,,242736,8304,0,234432,322248,1440670
neos-4754521-awarau.mps.gz,easy,Jeff Linderoth,neos-pseudoapplication-51,,41680,41680,0,0,255386,1237480
neos-3691541-lonja.mps.gz,open,Jeff Linderoth,neos-pseudoapplication-13,,10300,10200,0,100,10320,40568
neos-3426132-dieze.mps.gz,easy,Jeff Linderoth,neos-pseudoapplication-105,,11550,2750,8800,0,570,22550
neos-3627168-kasai.mps.gz,easy,Jeff Linderoth,neos-pseudoapplication-25,,1462,535,0,927,1655,5158
neos-4966258-blicks.mps.gz,easy,Jeff Linderoth,neos-pseudoapplication-85,,196788,6708,0,190080,270816,975084
neos-4954274-beardy.mps.gz,hard,Jeff Linderoth,neos-pseudoapplication-62,,12865,12865,0,0,17359,140082
neos-4393408-tinui.mps.gz,easy,Jeff Linderoth,neos-pseudoapplication-58,,4004,2000,0,2004,4554,23496
neos-4260495-otere.mps.gz,easy,Jeff Linderoth,neos-pseudoapplication-30,,176048,168745,22,7281,295357,702986
neos-4954357-bednja.mps.gz,easy,Jeff Linderoth,neos-pseudoapplication-59,,3885,1231,0,2654,9641,49441
neos-5140963-mincio.mps.gz,easy,Jeff Linderoth,neos-pseudoapplication-109,,196,183,0,13,184,834
neos-3216931-puriri.mps.gz,easy,Jeff Linderoth,neos-pseudoapplication-56,,3555,3268,0,287,5989,91691
neos-3699044-maipo.mps.gz,easy,Jeff Linderoth,neos-pseudoapplication-63,,48007,31506,15424,1077,59589,199334
neos-3636886-kereu.mps.gz,easy,Jeff Linderoth,neos-pseudoapplication-45,,13198,6021,6056,1121,13198,77547
neos-5018451-chiese.mps.gz,easy,Jeff Linderoth,neos-pseudoapplication-69,,265713,1222,244,264247,170175,1249960
neos-3046615-murg.mps.gz,easy,Jeff Linderoth,neos-pseudoapplication-90,,274,240,16,18,498,1266
neos-3322547-alsek.mps.gz,open,Jeff Linderoth,neos-pseudoapplication-77,,1001000,1001000,0,0,2000,2001000
neos-5100895-inster.mps.gz,easy,Jeff Linderoth,neos-pseudoapplication-17,,29400,56,0,29344,39760,693168
neos-4555749-wards.mps.gz,open,Jeff Linderoth,neos-pseudoapplication-31,,89147,89130,0,17,51776,1263380
neos-3754480-nidda.mps.gz,easy,Jeff Linderoth,neos-pseudoapplication-107,,253,50,0,203,402,1488
neos-2978205-isar.mps.gz,open,Jeff Linderoth,neos-pseudoapplication-77,,104000,320,0,103680,652,208000
neos-5195221-niemur.mps.gz,easy,Jeff Linderoth,neos-pseudoapplication-32,,14546,9792,0,4754,42256,176586
neos-5129192-manaia.mps.gz,easy,Jeff Linderoth,neos-pseudoapplication-51,,164229,164229,0,0,531569,1599180
neos-3402454-bohle.mps.gz,infeasible,Jeff Linderoth,neos-pseudoapplication-4,infeasible,2904,2616,0,288,2897380,8953800
neos-4264598-oueme.mps.gz,open,Jeff Linderoth,neos-pseudoapplication-57,,54550,13370,0,41180,54714,191146
neos-3072252-nete.mps.gz,easy,Jeff Linderoth,neos-pseudoapplication-50,,576,144,0,432,432,1292
neos-4358725-tagus.mps.gz,open,Jeff Linderoth,neos-pseudoapplication-57,,11494,4898,0,6596,22777,59925
neos-5196530-nuhaka.mps.gz,open,Jeff Linderoth,neos-pseudoapplication-32,,14544,9792,0,4752,42124,171702
neos-3004026-krka.mps.gz,easy,Jeff Linderoth,neos-pseudoapplication-38,,17030,16900,130,0,12545,41860
neos-5075914-elvire.mps.gz,easy,Jeff Linderoth,neos-pseudoapplication-35,,5003,2638,0,2365,3720,11440
neos-3654993-kolva.mps.gz,easy,Jeff Linderoth,neos-pseudoapplication-44,,13640,8948,4102,590,16064,54282
mining.mps.gz,open,Kelly Eurek,,,348921,348920,0,1,661133,3844880
no-ip-64999.mps.gz,infeasible,Christopher Hojny,noip,infeasible,2232,2187,45,0,2547,13590
no-ip-65059.mps.gz,infeasible,Christopher Hojny,noip,infeasible,2232,2187,45,0,2547,13590
swath.mps.gz,hard,D. Panton,swath,,6805,6724,0,81,884,34965
neos-799711.mps.gz,easy,NEOS Server Submission,neos-pseudoapplication-25,,41998,910,0,41088,59218,147164
app3.mps.gz,easy,Emilie Danna,app,,3080,100,0,2980,766,14707
app1-1.mps.gz,easy,Emilie Danna,app,,2480,1225,0,1255,4926,18275
app2-1.mps.gz,easy,Emilie Danna,app,,3283,3283,0,0,1038,8652
app2-2.mps.gz,easy,Emilie Danna,app,,1226,1226,0,0,335,3130
neos16.mps.gz,easy,NEOS Server Submission,neos-pseudoapplication-90,,377,336,41,0,1018,2801
neos-935769.mps.gz,easy,NEOS Server Submission,neos-pseudoapplication-34,,9799,7020,0,2779,6741,36447
bmocbd.mps.gz,easy,Sean MacDermant,bmocbd,,404875,125752,0,279123,153324,1277330
app1-2.mps.gz,easy,Emilie Danna,app,,26871,13300,0,13571,53467,199175
msc98-ip.mps.gz,easy,"E-Plus, D. Bienstock, A. Bley, R. Wessäly",,,21143,20237,53,853,15850,92918
momentum3.mps.gz,open,T. Koch,momentum,,13532,6598,1,6933,56822,562712
z26.mps.gz,open,Daniel Bienstock,,,17937,17937,0,0,850513,1715610
neos-5149806-wieprz.mps.gz,easy,Hans Mittelmann,neos-pseudoapplication-15,,33753,33750,3,0,65380,502488
ns1456591.mps.gz,open,NEOS Server Submission,neos-pseudoapplication-52,,8399,8000,19,380,1997,199862
set3-20.mps.gz,hard,Kerem Akartunali,set3,,4019,1424,0,2595,3747,13747
neos-5273874-yomtsa.mps.gz,easy,Hans Mittelmann,neos-pseudoapplication-19,,136971,232,0,136739,486492,1955350
beasleyC3.mps.gz,easy,"F. Ortega, L. Wolsey",beasley,,2500,1250,0,1250,1750,5000
csched008.mps.gz,easy,Tallys Yunes,csched,,1536,1284,0,252,351,5687
rmine25.mps.gz,open,Daniel Espinoza,rmine,,326599,326599,0,0,2953849,7182740
rmatr100-p10.mps.gz,easy,Dmitry Krushinsky,rmatr,,7359,100,0,7259,7260,21877
nursesched-sprint-hidden09.mps.gz,easy,Haroldo Gambini Santos,nursescheduling,,11650,11630,20,0,4872,208050
nursesched-sprint-late03.mps.gz,easy,Haroldo Gambini Santos,nursescheduling,,11690,11670,20,0,5032,208410
nursesched-sprint02.mps.gz,easy,Haroldo Gambini Santos,nursescheduling,,10250,10230,20,0,3522,204000
nursesched-medium-hint03.mps.gz,hard,Haroldo Gambini Santos,nursescheduling,,34248,34170,78,0,14062,622800
nursesched-medium04.mps.gz,easy,Haroldo Gambini Santos,nursescheduling,,29667,29613,54,0,8668,621829
sing17.mps.gz,open,Daniel Espinoza,sing,,452787,432541,0,20246,266802,1205830
sing326.mps.gz,easy,Daniel Espinoza,sing,,55156,40010,0,15146,50781,268173
sing11.mps.gz,open,Daniel Espinoza,sing,,175352,165337,0,10015,105858,479075
sing44.mps.gz,easy,Daniel Espinoza,sing,,59708,43524,0,16184,54745,281260
sing5.mps.gz,open,Daniel Espinoza,sing,,154463,146210,0,8253,92183,408715
set3-10.mps.gz,hard,Kerem Akartunali,set3,,4019,1424,0,2595,3747,13747
bmocbd2.mps.gz,easy,Sean MacDermant,bmocbd,,403771,125467,0,278304,152791,1274240
set3-15.mps.gz,hard,Kerem Akartunali,set3,,4019,1424,0,2595,3747,13747
bab3.mps.gz,open,Elmar Swarat,bab,,393800,393800,0,0,23069,3301840
sp97ar.mps.gz,easy,"J. Goessens, S. v. Hoessel, L. Kroon",sp9,,14101,14101,0,0,1761,290968
rvb-sub.mps.gz,open,S. Weider,,,33765,33763,0,2,225,984143
thor50dday.mps.gz,easy,Daniel Rehfeldt,,,106261,53131,0,53130,53360,212060
map18.mps.gz,easy,Kiyan Ahmadizadeh,map,,164547,146,0,164401,328818,549920
blp-ic97.mps.gz,easy,M. Lübbecke,blp,,9845,9753,0,92,923,118149
dc1l.mps.gz,open,Double-Click SAS,,,37297,35638,0,1659,1653,448754
neos-1337307.mps.gz,easy,NEOS Server Submission,neos-pseudoapplication-13,,2840,2840,0,0,5687,30799
core4872-1529.mps.gz,open,"A. Caprara, M. Fischetti, P. Toth",core,,24656,24645,0,11,4875,218762
lectsched-4-obj.mps.gz,easy,Harald Schilly,lectsched,,7901,7665,236,0,14163,82428
atlanta-ip.mps.gz,easy,"E-Plus, D. Bienstock, A. Bley, R. Wessäly",,,48738,46667,106,1965,21732,257532
graph40-40-1rand.mps.gz,open,Michael Bastubbe,graphs,,102600,102600,0,0,360900,1260900
graph20-80-1rand.mps.gz,open,Michael Bastubbe,graphs,,16263,16263,0,0,55107,191997
graph40-20-1rand.mps.gz,open,Michael Bastubbe,graphs,,31243,31243,0,0,99067,345557
graph20-20-1rand.mps.gz,easy,Michael Bastubbe,graphs,,2183,2183,0,0,5587,19277
graph40-80-1rand.mps.gz,open,Michael Bastubbe,graphs,,283648,283648,0,0,1050112,3671550
sct5.mps.gz,open,Siemens,sct,,37265,23004,0,14261,13304,147037
wachplan.mps.gz,easy,Sebastian Orlowski,,,3361,3360,1,0,1553,89361
supportcase42.mps.gz,easy,Domenico Salvagnin,,,19466,0,1026,18440,18439,435653
lectsched-2.mps.gz,easy,Harald Schilly,lectsched,,17656,17287,369,0,30738,186520
csched010.mps.gz,easy,Tallys Yunes,csched,,1758,1457,0,301,351,6376
decomp2.mps.gz,easy,Martin Berger,,,14387,14387,0,0,10765,64073
lr2-22dr3-333vc4v17a-t60.mps.gz,open,Dimitri Papageorgiou,maritime,,109519,92865,0,16654,108566,435517
neos18.mps.gz,easy,NEOS Server Submission,neos-pseudoapplication-49,,3312,3312,0,0,11402,24614
supportcase39.mps.gz,open,Domenico Salvagnin,,,1025,0,1024,1,16384,398774
ns930473.mps.gz,open,NEOS Server Submission,neos-pseudoapplication-46,,11328,11176,0,152,23240,121764
reblock354.mps.gz,hard,Andreas Bley,reblock,,3540,3540,0,0,19906,52901
b-ball.mps.gz,easy,Christopher Cullenbine,,,100,88,0,12,30,209
comp16-3idx.mps.gz,open,Matias Sørensen,coursetimetabling,,64193,56745,14,7434,71594,347276
woodlands09.mps.gz,hard,George Fonseca,timetabling,,382147,382119,28,0,194599,2646000
kottenpark09.mps.gz,open,George Fonseca,timetabling,,2893026,2892333,693,0,325547,13085500
kosova1.mps.gz,open,George Fonseca,timetabling,,614253,609591,4662,0,304931,3414760
highschool1-aigio.mps.gz,easy,George Fonseca,timetabling,,320404,319686,718,0,92568,1562170
brazil3.mps.gz,easy,George Fonseca,timetabling,,23968,23874,94,0,14646,133184
mad.mps.gz,easy,Koichi Fujii,,,220,200,0,20,51,2808
bppc8-09.mps.gz,easy,Manuel Iori,bppc,,431,423,6,2,67,9051
bppc4-08.mps.gz,easy,Manuel Iori,bppc,,1456,1454,0,2,111,23964
bppc8-02.mps.gz,easy,Manuel Iori,bppc,,232,229,1,2,59,4387
bppc6-02.mps.gz,open,Manuel Iori,bppc,,4784,4782,0,2,309,188143
bppc6-06.mps.gz,open,Manuel Iori,bppc,,3922,3920,0,2,273,181510
germanrr.mps.gz,easy,Q. Chen,,,10813,5323,5251,239,10779,175547
ns1208400.mps.gz,easy,NEOS Server Submission,neos-pseudoapplication-108,,2883,2880,0,3,4289,81746
queens-30.mps.gz,hard,Ashutosh Mahajan,,,900,900,0,0,960,93440
atm20-100.mps.gz,hard,Matthew Galati,,,6480,2220,0,4260,4380,58878
supportcase35.mps.gz,open,Domenico Salvagnin,,,12941,576,0,12365,6334,29908
decomp1.mps.gz,easy,Martin Berger,,,10735,10735,0,0,8357,47889
newdano.mps.gz,easy,Daniel Bienstock,dano,,505,56,0,449,576,2184
mine-90-10.mps.gz,easy,Andreas Bley,mine,,900,900,0,0,6270,15407
neos-1171737.mps.gz,easy,NEOS Server Submission,neos-pseudoapplication-80,,2340,1170,0,1170,4179,58620
ns2122698.mps.gz,open,Timo Berthold,neos-pseudoapplication-93,,155103,16447,0,138656,139280,424272
eilA101-2.mps.gz,easy,J. Linderoth,eil,,65832,65832,0,0,100,959373
dc1c.mps.gz,hard,Double-Click SAS,,,10039,8380,0,1659,1649,121158
supportcase34.mps.gz,easy,Domenico Salvagnin,,,17879,11196,6682,1,15170,748887
supportcase30.mps.gz,open,Domenico Salvagnin,,,1024,1024,0,0,1028,12288
glass4.mps.gz,easy,I. Luzzi,,,322,302,0,20,396,1815
n3seq24.mps.gz,easy,R. Meirich,nseq,,119856,119856,0,0,6044,3232340
bmoipr2.mps.gz,easy,Sean MacDermant,,,20503,8434,0,12069,13897,54649
bg512142.mps.gz,hard,A. Miller,,,792,240,0,552,1307,3953
shipsched.mps.gz,open,Marco Luebbecke,,,13594,10549,0,3045,45554,121571
ds-big.mps.gz,open,Steffen Weider,,,174997,174997,0,0,1042,4623440
gmu-35-50.mps.gz,easy,Nora Konnyu,gmu,,1919,1914,0,5,435,8643
net12.mps.gz,easy,P. Belotti,,,14115,1603,0,12512,14021,80384
30n20b8.mps.gz,easy,"E. Coughlan, M. Lübbecke, J. Schulz",,,18380,18318,62,0,576,109706
scpk4.mps.gz,open,Shunji Umetani,scp,,1e+05,1e+05,0,0,2000,1e+06
scpm1.mps.gz,open,Shunji Umetani,scp,,5e+05,5e+05,0,0,5000,6250000
scpn2.mps.gz,open,Shunji Umetani,scp,,1e+06,1e+06,0,0,5000,12500000
scpj4scip.mps.gz,open,Shunji Umetani,scp,,99947,99947,0,0,1000,999893
scpl4.mps.gz,open,Shunji Umetani,scp,,2e+05,2e+05,0,0,2000,2e+06
air04.mps.gz,easy,G. Astfalk,air,,8904,8904,0,0,823,72965
uc720-7-4-4-8.mps.gz,infeasible,Juan Javier Domínguez Moreno,,infeasible,1405278,269009,0,1136269,4308353,11856400
neos-824661.mps.gz,easy,NEOS Server Submission,neos-pseudoapplication-93,,45390,15640,0,29750,18804,138890
rmine11.mps.gz,open,Daniel Espinoza,rmine,,12292,12292,0,0,97389,241240
supportcase4.mps.gz,easy,Michael Winkler,,,3162,3162,0,0,9492,38036
supportcase18.mps.gz,easy,Michael Winkler,,,13410,13410,0,0,240,28920
supportcase23.mps.gz,open,Michael Winkler,,,24275,6250,0,18025,40502,161525
supportcase6.mps.gz,easy,Michael Winkler,,,130052,130051,1,0,771,584976
supportcase1.mps.gz,easy,Michael Winkler,,,29999,29799,200,0,59997,189292
supportcase20.mps.gz,easy,Michael Winkler,,,903,300,0,603,903,46955
supportcase22.mps.gz,hard,Michael Winkler,,,7129,7129,0,0,260602,2228830
supportcase11.mps.gz,easy,Michael Winkler,,,8066286,8066286,0,0,15270211,32602300
supportcase16.mps.gz,easy,Michael Winkler,,,319,319,0,0,130,1076
supportcase10.mps.gz,easy,Michael Winkler,,,14770,14770,0,0,165684,555082
supportcase2.mps.gz,open,Michael Winkler,,,2912,2912,0,0,597385,7653930
supportcase12.mps.gz,easy,Michael Winkler,,,799616,0,200,799416,166781,2334440
supportcase14.mps.gz,easy,Michael Winkler,,,304,304,0,0,234,1129
supportcase17.mps.gz,easy,Michael Winkler,,,1381,732,235,414,2108,5253
supportcase25.mps.gz,easy,Michael Winkler,,,6769,576,0,6193,6673,22825
supportcase3.mps.gz,easy,Michael Winkler,,,4191,4191,0,0,12702,53470
supportcase26.mps.gz,easy,Michael Winkler,,,436,396,0,40,870,2492
supportcase19.mps.gz,easy,Michael Winkler,,,1429098,1311292,117806,0,10713,4287090
supportcase7.mps.gz,easy,Michael Winkler,,,138844,451,14,138379,6532,2845540
ramos3.mps.gz,open,F. Ramos,,,2187,2187,0,0,2187,32805
splan1.mps.gz,open,"C. Helmberg, A. Lau",,,1317382,90810,1978,1224594,572800,5233840
neos-5260764-orauea.mps.gz,open,Hans Mittelmann,neos-pseudoapplication-102,,12940,12580,0,360,12304,82620
neos-5261882-treska.mps.gz,open,Hans Mittelmann,neos-pseudoapplication-102,,2900,2730,0,170,2971,19342
neos-5266653-tugela.mps.gz,open,Hans Mittelmann,neos-pseudoapplication-102,,23310,22662,0,648,23458,171534
neos-5221106-oparau.mps.gz,open,Hans Mittelmann,neos-pseudoapplication-46,,25445,25120,0,325,13897,245756
nag.mps.gz,open,N. Shenoy,,,2884,1350,35,1499,5840,26499
neos-1396125.mps.gz,easy,NEOS Server Submission,neos-pseudoapplication-96,,1161,129,0,1032,1494,5511
rmine13.mps.gz,open,Daniel Espinoza,rmine,,23980,23980,0,0,197155,485784
n3div36.mps.gz,easy,R. Meirich,nseq,,22120,22120,0,0,4484,340740
cvs16r128-89.mps.gz,easy,Michael Bastubbe,cvs,,3472,3472,0,0,4633,12528
nj2.mps.gz,open,Jonathan Eckstein,nj,,85224,14280,0,70944,118975,364332
nj1.mps.gz,open,Jonathan Eckstein,nj,,78084,14280,0,63804,97579,321540
nj3.mps.gz,open,Jonathan Eckstein,nj,,85224,14280,0,70944,118986,377422
dws012-03.mps.gz,open,Philipp Leise,dws,,76068,44616,0,31452,38484,389304
dws012-01.mps.gz,open,Philipp Leise,dws,,26148,15576,0,10572,14280,132936
dws012-02.mps.gz,open,Philipp Leise,dws,,51108,30096,0,21012,26382,261120
dws008-01.mps.gz,easy,Philipp Leise,dws,,11096,6608,0,4488,6064,56400
dws008-03.mps.gz,open,Philipp Leise,dws,,32280,18928,0,13352,16344,165168
tanglegram6.mps.gz,easy,Falk Hueffner,huefner,,9182,9182,0,0,17712,53136
cmflsp40-36-2-10.mps.gz,open,Andrea Arias,cmflsp,,28152,1512,0,26640,4266,386432
cmflsp60-36-2-6.mps.gz,open,Andrea Arias,cmflsp,,42192,2232,0,39960,6388,581335
cmflsp50-24-10-4.mps.gz,easy,Andrea Arias,cmflsp,,16440,1440,0,15000,3527,159605
cmflsp50-24-8-8.mps.gz,easy,Andrea Arias,cmflsp,,16392,1392,0,15000,3520,158622
cmflsp40-24-10-7.mps.gz,easy,Andrea Arias,cmflsp,,13200,1200,0,12000,2825,127736
co-100.mps.gz,easy,Axel Werner,,,48417,48417,0,0,2187,1995820
eva1aprime5x5opt.mps.gz,open,Yoshihiro Kanno,evaprime,,1712,400,0,1312,11929,57162
eva1aprime6x6opt.mps.gz,open,Yoshihiro Kanno,evaprime,,3514,836,0,2678,34872,161558
lectsched-5-obj.mps.gz,easy,Harald Schilly,lectsched,,21805,21389,416,0,38884,239608
supportcase43.mps.gz,easy,Domenico Salvagnin,,,209232,201,0,209031,215032,1044480
rococoC11-011100.mps.gz,easy,"A. Chabrier, E. Danna, C. Le Pape, L. Perron",rococo,,6491,6325,166,0,2367,30472
pigeon-13.mps.gz,easy,Sam Allen,pigeon,,754,637,0,117,1561,13871
tw-myciel4.mps.gz,hard,Arie Koster,,,760,759,1,0,8146,27961
siena1.mps.gz,open,Double-Click SAS,,,13741,11775,0,1966,2220,258915
neos-5223573-tarwin.mps.gz,open,Hans Mittelmann,neos-pseudoapplication-19,,158244,190,0,158054,560182,2166500
dano3mip.mps.gz,open,Daniel Bienstock,dano,,13873,552,0,13321,3202,79655
neos-1112782.mps.gz,easy,NEOS Server Submission,neos-pseudoapplication-89,,4140,2070,0,2070,2115,8145
rail03.mps.gz,hard,Thomas Schlechte,rail0,,758775,758775,0,0,253905,1728450
nb10tb.mps.gz,open,Serge Bisaillon,,,73340,16880,0,56460,150495,1172290
cvs16r70-62.mps.gz,easy,Michael Bastubbe,cvs,,2112,2112,0,0,3278,8512
n3700.mps.gz,open,J. Aronson,n37,,10000,5000,0,5000,5150,20000
rail507.mps.gz,easy,"A. Caprara, M. Fischetti, P. Toth",,,63019,63009,0,10,509,468878
v150d30-2hopcds.mps.gz,open,Austin Buchanan,2hopcds,,150,150,0,0,7822,103991
roll3000.mps.gz,easy,L. Kroon,,,1166,246,492,428,2295,29386
umts.mps.gz,easy,C. Polo,,,2947,2802,72,73,4465,22872
neos-5189128-totara.mps.gz,open,Hans Mittelmann,neos-pseudoapplication-101,,36025,35640,0,385,213702,1012550
neos-4360552-sangro.mps.gz,open,Hans Mittelmann,neos-pseudoapplication-62,,10272,9696,576,0,46012,302184
neos-3372571-onahau.mps.gz,open,Hans Mittelmann,neos-pseudoapplication-93,,13086,185,0,12901,29487,116511
neos-4760493-puerua.mps.gz,easy,Hans Mittelmann,neos-pseudoapplication-106,,53593,53592,0,1,106954,266805
neos-4797081-pakoka.mps.gz,easy,Hans Mittelmann,neos-pseudoapplication-51,,12393,9930,2463,0,7147,456124
neos-4165869-wannon.mps.gz,easy,Hans Mittelmann,neos-pseudoapplication-44,,31728,480,31248,0,85865,270474
neos-3555904-turama.mps.gz,easy,Hans Mittelmann,neos-pseudoapplication-81,,37461,37461,0,0,146493,793605
neos-4647027-thurso.mps.gz,open,Hans Mittelmann,neos-pseudoapplication-29,,9800,4200,0,5600,8382,3944990
neos-4647030-tutaki.mps.gz,hard,Hans Mittelmann,neos-pseudoapplication-29,,12600,7000,0,5600,8382,3953390
neos-3631363-vilnia.mps.gz,infeasible,Hans Mittelmann,neos-pseudoapplication-12,infeasible,15755,755,0,15000,15960,112497
neos-3025225-shelon.mps.gz,easy,Hans Mittelmann,neos-pseudoapplication-64,,69846,69845,0,1,91572,9357950
neos-4382714-ruvuma.mps.gz,infeasible,Hans Mittelmann,neos-pseudoapplication-103,infeasible,6562,6561,0,1,3645,32805
neos-4763324-toguru.mps.gz,easy,Hans Mittelmann,neos-pseudoapplication-106,,53593,53592,0,1,106954,266805
neos-3695882-vesdre.mps.gz,open,Hans Mittelmann,neos-pseudoapplication-71,,6135,5955,0,180,191504,598115
neos-3988577-wolgan.mps.gz,infeasible,Hans Mittelmann,neos-pseudoapplication-64,infeasible,25870,25870,0,0,44662,350350
neos-4647032-veleka.mps.gz,open,Hans Mittelmann,neos-pseudoapplication-29,,18200,12600,0,5600,8382,3970190
neos-3355120-tarago.mps.gz,open,Hans Mittelmann,neos-pseudoapplication-52,,7800,4700,3100,0,86633,265500
neos-2075418-temuka.mps.gz,infeasible,Hans Mittelmann,neos-pseudoapplication-62,infeasible,122304,122304,0,0,349602,7610260
neos-3682128-sandon.mps.gz,open,Hans Mittelmann,neos-pseudoapplication-10,,7880,7870,10,0,14920,50438
neos-4408804-prosna.mps.gz,easy,Hans Mittelmann,neos-pseudoapplication-56,,66612,33306,0,33306,67161,266448
neos-3615091-sutlej.mps.gz,open,Hans Mittelmann,neos-pseudoapplication-45,,205141,153520,0,51621,449690,1301130
ns1116954.mps.gz,easy,NEOS Server Submission,neos-pseudoapplication-51,,12648,7482,0,5166,131991,410582
cdma.mps.gz,open,Serge Bisaillon,,,7891,4235,0,3656,9095,168227
enlight9.mps.gz,infeasible,A. Zymolka,enlight,infeasible,162,81,81,0,81,450
hgms62.mps.gz,open,Jesus Rodriguez,hgms,,48597,547,0,48050,582237,1753240
hgms30.mps.gz,open,Jesus Rodriguez,hgms,,23797,547,0,23250,281917,850486
hgms-det.mps.gz,open,Jesus Rodriguez,hgms,,1322,547,0,775,9752,32367
sct32.mps.gz,hard,Siemens,sct,,9767,7728,0,2039,5440,109654
milo-v12-6-r2-40-1.mps.gz,easy,Tamas Terlaky,milo,,2688,840,0,1848,5628,14604
milo-v12-6-r1-75-1.mps.gz,open,Tamas Terlaky,milo,,5698,1925,0,3773,12243,32174
milo-v12-6-r1-58-1.mps.gz,easy,Tamas Terlaky,milo,,4440,1500,0,2940,9540,25068
milo-v13-4-3d-3-0.mps.gz,open,Tamas Terlaky,milo,,516,120,0,396,996,2456
milo-v13-4-3d-4-0.mps.gz,open,Tamas Terlaky,milo,,688,160,0,528,1328,3292
shiftreg1-4.mps.gz,easy,Domenico Salvagnin,shiftreg,,10008,3912,0,6096,8136,29976
ofi2.mps.gz,open,Luigi Poderico,,,420434,18632,11073,390729,422587,1775810
tanglegram4.mps.gz,easy,Falk Hueffner,huefner,,56048,56048,0,0,110404,331212
bmocbd3.mps.gz,open,Sean MacDermant,bmocbd,,403771,125467,0,278304,152791,1274240
zeil.mps.gz,open,Andreas Bärmann,,,70116,5314,0,64802,81558,1628940
iis-glass-cov.mps.gz,easy,Marc Pfetsch,iis,,214,214,0,0,5375,56133
iis-hc-cov.mps.gz,easy,Marc Pfetsch,iis,,297,297,0,0,9727,142971
f2000.mps.gz,open,M. Winkler,,,4000,4000,0,0,10500,29500
van.mps.gz,open,"C. Mannino, E. Parrello",,,12481,192,0,12289,27331,487296
bab1.mps.gz,open,"Elmar Swarat, Laura Traverso, Julia Buwaya",bab,,61152,61152,0,0,60680,854392
rmatr200-p20.mps.gz,easy,Dmitry Krushinsky,rmatr,,29605,200,0,29405,29406,88415
pigeon-10.mps.gz,easy,Sam Allen,pigeon,,490,400,0,90,931,8150
neos-1112787.mps.gz,easy,NEOS Server Submission,neos-pseudoapplication-89,,3280,1640,0,1640,1680,6440
genus-sym-g62-2.mps.gz,open,Stephan Beyer,genus,,12912,12910,1,1,78472,275855
genus-g31-8.mps.gz,open,Stephan Beyer,genus,,3484,3482,1,1,32047,401147
genus-sym-grafo5708-48.mps.gz,open,Stephan Beyer,genus,,3379,3377,1,1,20538,72579
genus-sym-g31-8.mps.gz,open,Stephan Beyer,genus,,3484,3482,1,1,32073,401199
genus-g61-25.mps.gz,open,Stephan Beyer,genus,,14380,14378,1,1,94735,332877
xmas10.mps.gz,open,Simon Felix,,,8100,900,0,7200,9080,43635
moj-mining.mps.gz,open,Alexandra M. Newman,,,67519,5171,0,62348,49916,1691240
fhnw-binpack4-4.mps.gz,infeasible,Simon Felix,binpack,infeasible,520,481,0,39,620,2332
fhnw-binpack4-18.mps.gz,infeasible,Simon Felix,binpack,infeasible,520,481,0,39,650,2392
fhnw-binpack4-58.mps.gz,open,Simon Felix,binpack,,7550,7400,0,150,9900,35750
fhnw-binpack4-48.mps.gz,easy,Simon Felix,binpack,,3710,3605,0,105,4480,17290
fhnw-binpack4-77.mps.gz,easy,Simon Felix,binpack,,3924,3816,0,108,4922,17726
n3705.mps.gz,open,J. Aronson,n37,,10000,5000,0,5000,5150,20000
splice1k1.mps.gz,easy,Gleb Belov,splice,,3253,3252,1,0,6505,1761020
proteindesign121hz512p19.mps.gz,open,Gleb Belov,proteindesign,,2589931,2589840,91,0,301,10331100
hypothyroid-k1.mps.gz,easy,Gleb Belov,hypothyroid,,2602,2601,1,0,5195,433884
cryptanalysiskb128n5obj16.mps.gz,easy,Gleb Belov,cryptanalysis,,48950,47830,1120,0,98021,292875
proteindesign121hz512p9.mps.gz,easy,Gleb Belov,proteindesign,,159145,159054,91,0,301,629449
l2p12.mps.gz,easy,Gleb Belov,l2p,,11786,10906,590,290,21315,59629
gfd-schedulen180f7d50m30k18.mps.gz,easy,Gleb Belov,gfd-schedule,,227535,192408,2025,33102,457985,1233370
k1mushroom.mps.gz,easy,Gleb Belov,k1mushroom,,8211,8210,1,0,16419,1697950
cryptanalysiskb128n5obj14.mps.gz,infeasible,Gleb Belov,cryptanalysis,infeasible,48950,47830,1120,0,98021,292875
radiationm18-12-05.mps.gz,easy,Gleb Belov,radiation,,40623,14688,11247,14688,40935,96149
traininstance6.mps.gz,easy,Gleb Belov,traininstance,,10218,4154,2056,4008,12309,32785
traininstance2.mps.gz,easy,Gleb Belov,traininstance,,12890,5278,2602,5010,15603,41531
proteindesign121pgb11p9.mps.gz,easy,Gleb Belov,proteindesign,,132672,132594,78,0,254,524690
proteindesign122trx11p8.mps.gz,easy,Gleb Belov,proteindesign,,127326,127248,78,0,254,503427
radiationm40-10-02.mps.gz,easy,Gleb Belov,radiation,,172013,62400,47213,62400,173603,406825
mcsched.mps.gz,easy,Q. Chen,,,1747,1745,0,2,2107,8088
satellites2-60-fs.mps.gz,easy,He Renjie,satellites,,35378,34324,0,1054,16516,125048
uct-subprob.mps.gz,easy,Gerald Lach,,,2256,379,0,1877,1973,10147
peg-solitaire-a3.mps.gz,easy,Hiroshige Dan ; Koichi Fujii,pegsolitaire,,4552,4552,0,0,4587,28387
ns1904248.mps.gz,open,NEOS Server Submission,neos-pseudoapplication-6,,38458,38416,0,42,149437,377258
neos-5251015-ogosta.mps.gz,hard,Hans Mittelmann,neos-pseudoapplication-19,,136971,232,0,136739,486531,1955390
cod105.mps.gz,easy,MIPLIB submission pool,,,1024,1024,0,0,1024,57344
lr1dr02vc05v8a-t360.mps.gz,open,Dimitri Papageorgiou,maritime,,20810,12174,6471,2165,7560,58950
lr1dr12vc10v70b-t360.mps.gz,open,Dimitri Papageorgiou,maritime,,193525,90670,93480,9375,56160,587100
lr1dr04vc05v17a-t360.mps.gz,open,Dimitri Papageorgiou,maritime,,36912,15326,17979,3607,12600,107170
supportcase33.mps.gz,easy,Domenico Salvagnin,,,20203,20102,101,0,20489,211915
ns1856153.mps.gz,open,NEOS Server Submission,neos-pseudoapplication-6,,11998,11956,0,42,35407,105882
qiu.mps.gz,easy,"Y. Chiu, J. Eckstein",,,840,48,0,792,1192,3432
neos-826650.mps.gz,easy,NEOS Server Submission,neos-pseudoapplication-87,,5912,5792,0,120,2414,20440
neos-859770.mps.gz,infeasible,NEOS Server Submission,neos-pseudoapplication-81,infeasible,2504,2504,0,0,2065,880736
momentum2.mps.gz,easy,T. Koch,momentum,,3732,1808,1,1923,24237,237087
circ10-3.mps.gz,open,M. Winkler,,,2700,2700,0,0,42620,307320
ivu52.mps.gz,hard,S. Weider,ivu,,157591,157591,0,0,2116,2179480
usAbbrv-8-25_70.mps.gz,hard,publicly available,,,2312,1681,0,631,3291,9628
lotsize.mps.gz,easy,"Dinakar Gade, Simge Kucukyavuz",,,2985,1195,0,1790,1920,6565
rail02.mps.gz,easy,Thomas Schlechte,rail0,,270869,270869,0,0,95791,756228
gmu-35-40.mps.gz,easy,Nora Konnyu,gmu,,1205,1200,0,5,424,4843
gus-sch.mps.gz,easy,Alexandra M. Newman,,,5475,2736,2736,3,5984,33135
s82.mps.gz,open,Daniel Espinoza,Spinoza,,1690631,1690577,0,54,87878,7022610
ns1952667.mps.gz,easy,NEOS Server Submission,neos-pseudoapplication-78,,13264,0,13264,0,41,335643
ger50_17_trans.mps.gz,hard,C. Raack,ger50,,22414,0,18062,4352,499,172035
seymour.mps.gz,easy,"W. Cook, P. Seymour",,,1372,1372,0,0,4944,33549
shiftreg2-7.mps.gz,easy,Domenico Salvagnin,shiftreg,,11404,4152,0,7252,8540,34900
gmut-75-50.mps.gz,hard,Nora Konnyu,gmu,,68865,68859,0,6,2565,571475
rfds-4-days.mps.gz,open,Dan Neiman,,,2184028,190080,0,1993948,1766257,10464800
neos-885524.mps.gz,easy,NEOS Server Submission,neos-pseudoapplication-100,,91670,91670,0,0,65,258309
neos-1601936.mps.gz,easy,NEOS Server Submission,neos-pseudoapplication-5,,4446,3906,0,540,3131,72500
toll-like.mps.gz,easy,Falk Hueffner,huefner,,2883,2883,0,0,4408,13224
supportcase37.mps.gz,easy,Domenico Salvagnin,,,20047,1484,0,18563,59023,135627
pythago7824.mps.gz,open,Felix J. L. Willamowski,,,3740,3740,0,0,14652,43956
pythago7825.mps.gz,open,Felix J. L. Willamowski,,,3745,3745,0,0,14672,44016
neos-738098.mps.gz,easy,NEOS Server Submission,neos-pseudoapplication-15,,9093,8946,0,147,25849,101360
supportcase41.mps.gz,open,Domenico Salvagnin,,,4725,2000,0,2725,28923,221321
biella1.mps.gz,easy,Double-Click SAS,,,7328,6110,0,1218,1203,71489
vpphard2.mps.gz,easy,C. Cardonha,,,199999,199999,0,0,198450,648340
bienst2.mps.gz,easy,H. Mittelmann,,,505,35,0,470,576,2184
ex10.mps.gz,easy,Iulian Ober,,,17680,0,17680,0,69608,1162000
supportcase28i.mps.gz,easy,Michael Winkler,,,7560,24,7536,0,15073,93811
supportcase21i.mps.gz,easy,Michael Winkler,,,27,24,3,0,7540,95325
supportcase27i.mps.gz,easy,Michael Winkler,,,3185,912,1675,598,3912,7053
seqsolve1.mps.gz,open,Irv Lustig,seqsolve,,207665,123834,82835,996,242243,1027680
seqsolve3short4288excess384.mps.gz,open,Irv Lustig,seqsolve,,207665,123834,82835,996,242245,1028680
seqsolve2short4288.mps.gz,open,Irv Lustig,seqsolve,,207665,123834,82835,996,242244,1028180
rococoC10-001000.mps.gz,easy,"A. Chabrier, E. Danna, C. Le Pape, L. Perron",rococo,,3117,2993,124,0,1293,11751
f2gap801600.mps.gz,easy,Salim Haddadi,f2gap,,1600,1600,0,0,80,3200
f2gap401600.mps.gz,easy,Salim Haddadi,f2gap,,1600,1600,0,0,40,3200
f2gap40400.mps.gz,easy,Salim Haddadi,f2gap,,400,400,0,0,40,800
f2gap201600.mps.gz,easy,Salim Haddadi,f2gap,,1600,1600,0,0,20,3200
irish-electricity.mps.gz,easy,Paula Carroll,,,61728,9888,0,51840,104259,523257
triptim7.mps.gz,easy,MIPLIB submission pool,triptim,,27342,18619,8716,7,14427,521944
triptim4.mps.gz,open,MIPLIB submission pool,triptim,,27226,18537,8682,7,14361,520532
triptim8.mps.gz,open,MIPLIB submission pool,triptim,,27342,18619,8716,7,14427,521945
n2seq36f.mps.gz,easy,R. Meirich,nseq,,8100,8100,0,0,285,60948
triptim2.mps.gz,hard,MIPLIB submission pool,triptim,,27326,20776,6543,7,14427,521898
n2seq36q.mps.gz,easy,R. Meirich,nseq,,22480,22480,0,0,2565,183292
triptim1.mps.gz,easy,MIPLIB submission pool,triptim,,30055,20456,9592,7,15706,515436
npmv07.mps.gz,easy,Q. Chen,,,220686,1880,0,218806,76342,859614
tpl-tub-ws1617.mps.gz,open,János Höner,,,747601,713749,0,33852,1154615,4720570
tpl-tub-ss16.mps.gz,open,János Höner,,,595066,570303,0,24763,901872,3687100
piperout-03.mps.gz,easy,Gleb Belov,piperout,,9526,9373,129,24,12246,39067
piperout-08.mps.gz,easy,Gleb Belov,piperout,,10399,10245,130,24,14589,44959
piperout-d27.mps.gz,easy,Gleb Belov,piperout,,13104,12931,149,24,17470,224457
piperout-d20.mps.gz,easy,Gleb Belov,piperout,,11961,11788,149,24,15562,190915
piperout-27.mps.gz,easy,Gleb Belov,piperout,,11659,11514,121,24,18442,54662
unitcal_7.mps.gz,easy,R. O’Neill,,,25755,2856,0,22899,48939,127595
cdc7-4-3-2.mps.gz,open,Sascha Kurz,,,11811,11811,0,0,14478,259842
rmine15.mps.gz,open,Daniel Espinoza,rmine,,42438,42438,0,0,358395,879732
bnatt500.mps.gz,infeasible,Tatsuya Akutsu,bnatt,infeasible,4500,4500,0,0,7029,27203
shiftreg5-1.mps.gz,open,Domenico Salvagnin,shiftreg,,48736,10608,0,38128,31424,157504
neos-520729.mps.gz,easy,NEOS Server Submission,neos-pseudoapplication-50,,91149,30708,0,60441,31178,322203
dg012142.mps.gz,hard,A. Miller,,,2080,640,0,1440,6310,14795
core2536-691.mps.gz,easy,"A. Caprara, M. Fischetti, P. Toth",core,,15293,15284,0,9,2539,177739
fastxgemm-n3r21s3t6.mps.gz,open,Laurent Sorber,fastxgemm,,18684,378,0,18306,219368,718146
fastxgemm-n3r22s4t6.mps.gz,open,Laurent Sorber,fastxgemm,,19539,396,0,19143,229742,752274
fastxgemm-n2r7s4t1.mps.gz,easy,Laurent Sorber,fastxgemm,,904,56,0,848,6972,22584
fastxgemm-n3r23s5t6.mps.gz,open,Laurent Sorber,fastxgemm,,20394,414,0,19980,240116,786402
fastxgemm-n2r6s0t2.mps.gz,easy,Laurent Sorber,fastxgemm,,784,48,0,736,5998,19376
k1mushroomi.mps.gz,easy,Gleb Belov,k1mushroom,,48104,16419,31685,0,56312,1666560
cvrpp-n16k8vrpi.mps.gz,open,Gleb Belov,vrp,,18294,2832,531,14931,31615,60544
mspsphard01i.mps.gz,easy,Gleb Belov,mspsp,,21531,10868,10663,0,32864,59860
shipschedule6shipsmixi.mps.gz,easy,Gleb Belov,shipschedule,,18770,10310,7104,1356,27823,55903
cvrpsimple2i.mps.gz,easy,Gleb Belov,vrp,,4166,648,243,3275,7023,13248
cvrpa-n64k9vrpi.mps.gz,open,Gleb Belov,vrp,,312726,48192,2259,262275,550111,1064700
ghoulomb4-9-10i.mps.gz,easy,Gleb Belov,ghoulomb,,43424,15590,27834,0,56330,118062
stoch-vrpvrp-s5v2c8vrp-v2c8i.mps.gz,open,Gleb Belov,vrp,,8436,1485,734,6217,13813,26231
mrcpspj30-53-3i.mps.gz,easy,Gleb Belov,mrcpspj,,24220,6020,8938,9262,32618,56796
gfd-schedulen25f5d20m10k3i.mps.gz,easy,Gleb Belov,gfd-schedule,,30916,14783,14556,1577,47093,88245
diameterc-mstc-v20a190d5i.mps.gz,easy,Gleb Belov,diameterc,,10613,5053,4352,1208,19686,38503
mspsphard03i.mps.gz,easy,Gleb Belov,mspsp,,32266,18603,13663,0,56333,114618
mario-t-hard5i.mps.gz,easy,Gleb Belov,mario,,73475,31022,30948,11505,85190,238314
diameterc-msts-v40a100d5i.mps.gz,easy,Gleb Belov,diameterc,,14629,5611,5304,3714,21131,40288
amaze22012-06-28i.mps.gz,easy,Gleb Belov,amaze,,12691,4376,914,7401,17319,33831
l2p2i.mps.gz,easy,Gleb Belov,l2p,,38196,13113,24938,145,47653,85208
gfd-schedulen55f2d50m30k3i.mps.gz,easy,Gleb Belov,gfd-schedule,,90158,40622,42209,7327,129102,260992
shipschedule3shipsi.mps.gz,easy,Gleb Belov,shipschedule,,10513,4817,4343,1353,16727,31243
elitserienhandball14i.mps.gz,easy,Gleb Belov,elitserienhandball,,32541,16938,6938,8665,35328,98685
gfd-schedulen180f7d50m30k18-16i.mps.gz,open,Gleb Belov,gfd-schedule,,2226625,1055523,1103442,67660,3447025,7026380
shipschedule8shipsmixuci.mps.gz,easy,Gleb Belov,shipschedule,,25206,13635,9763,1808,37821,75480
rpp22falsei.mps.gz,easy,Gleb Belov,rpp,,25462,10276,15056,130,33269,56547
mappingmesh3x3mpeg2i.mps.gz,easy,Gleb Belov,mapping,,10470,4739,4369,1362,17055,33278
amaze22012-07-04i.mps.gz,open,Gleb Belov,amaze,,31237,10654,1603,18980,42328,83384
mrcpspj30-15-5i.mps.gz,easy,Gleb Belov,mrcpspj,,24376,6192,8921,9263,32659,56963
elitserienhandball3i.mps.gz,easy,Gleb Belov,elitserienhandball,,32807,16966,6973,8868,35804,99434
elitserienhandball11i.mps.gz,easy,Gleb Belov,elitserienhandball,,32679,16944,6952,8783,35580,99071
l2p1i.mps.gz,hard,Gleb Belov,l2p,,317369,301560,15689,120,30784,641396
cvrpb-n45k5vrpi.mps.gz,open,Gleb Belov,pb-,,153202,23625,1575,128002,268835,519556
pizza78i.mps.gz,open,Gleb Belov,pizza,,385067,143886,241181,0,443776,796615
oocsp-racks030e6cci.mps.gz,easy,Gleb Belov,oocsp-racks,,50862,32783,18079,0,92737,232944
elitserienhandball13i.mps.gz,open,Gleb Belov,elitserienhandball,,32791,16976,6976,8839,35758,99381
fillomino7x7-0i.mps.gz,easy,Gleb Belov,fillomino,,12877,4821,4443,3613,17518,33300
amaze22012-03-15i.mps.gz,easy,Gleb Belov,amaze,,94351,31870,2770,59711,126975,251822
mrcpspj30-17-10i.mps.gz,easy,Gleb Belov,mrcpspj,,26381,7386,10901,8094,34490,62166
oocsp-racks030f7cci.mps.gz,infeasible,Gleb Belov,oocsp-racks,infeasible,50859,32779,18080,0,92792,233170
fjspeasy01i.mps.gz,easy,Gleb Belov,fjsp,,17847,8849,8998,0,27264,46454
splice1k1i.mps.gz,hard,Gleb Belov,splice,,19513,6504,13009,0,22765,1780530
pizza27i.mps.gz,open,Gleb Belov,pizza,,311316,115831,195485,0,359835,642512
maritime-jg3d9.mps.gz,infeasible,Dimitri Papageorgiou,maritime,infeasible,92261,36960,0,55301,126621,627969
mc11.mps.gz,easy,"F. Ortega, L. Wolsey",mc,,3040,1520,0,1520,1920,6080
graphdraw-domain.mps.gz,easy,Cézar Augusto Nascimento e Silva,graphdraw,,254,180,20,54,865,2600
graphdraw-mainerd.mps.gz,open,Cézar Augusto Nascimento e Silva,graphdraw,,2050,1860,62,128,20661,62350
graphdraw-gemcutter.mps.gz,easy,Cézar Augusto Nascimento e Silva,graphdraw,,166,112,16,38,474,1420
graphdraw-opmanager.mps.gz,open,Cézar Augusto Nascimento e Silva,graphdraw,,4812,4512,96,204,75395,227160
graphdraw-grafo2.mps.gz,open,Cézar Augusto Nascimento e Silva,graphdraw,,9258,8844,134,280,203455,612366
danoint.mps.gz,easy,Daniel Bienstock,dano,,521,56,0,465,664,3232
s100.mps.gz,hard,Daniel Espinoza,Spinoza,,364417,364417,0,0,14733,1777920
gsvm2rl12.mps.gz,open,Toni Sorrell,supportvectormachine,,2001,500,0,1501,1500,253500
gsvm2rl9.mps.gz,open,Toni Sorrell,supportvectormachine,,801,200,0,601,600,41400
gsvm2rl5.mps.gz,easy,Toni Sorrell,supportvectormachine,,401,100,0,301,300,10700
gsvm2rl3.mps.gz,easy,Toni Sorrell,supportvectormachine,,241,60,0,181,180,4020
gsvm2rl11.mps.gz,open,Toni Sorrell,supportvectormachine,,2001,500,0,1501,1500,253500
gmut-76-40.mps.gz,open,Nora Konnyu,gmu,,24338,24332,0,6,2586,153017
gmut-76-50.mps.gz,open,Nora Konnyu,gmu,,68865,68859,0,6,2586,470045
opm2-z12-s8.mps.gz,easy,Daniel Espinoza,opm2,,10800,10800,0,0,319508,725377
opm2-z10-s4.mps.gz,easy,Daniel Espinoza,opm2,,6250,6250,0,0,160633,371240
opm2-z8-s0.mps.gz,easy,Daniel Espinoza,opm2,,3200,3200,0,0,63608,152793
opm2-z7-s8.mps.gz,easy,Daniel Espinoza,opm2,,2023,2023,0,0,31798,79756
opm2-z6-s1.mps.gz,easy,Daniel Espinoza,opm2,,1350,1350,0,0,15533,41844
pw-myciel4.mps.gz,easy,Arie Koster,,,1059,1058,1,0,8164,17779
shs1023.mps.gz,hard,C. Helmberg,shs,,444625,1296,440899,2430,133944,1044720
reblock166.mps.gz,easy,Andreas Bley,reblock,,1660,1660,0,0,17024,39442
a2864-99blp.mps.gz,open,Daniel Heinlein,selofsubspaces,,200787,200787,0,0,22117,20078700
timtab1.mps.gz,easy,"C. Liebchen, R. Möhring",timtab,,397,77,94,226,171,829
n9-3.mps.gz,easy,A. Atamtürk,nxy-z,,7644,0,252,7392,2364,30072
square47.mps.gz,easy,Sascha Kurz,square,,95030,94987,43,0,61591,27329900
square31.mps.gz,easy,Sascha Kurz,square,,28860,28830,30,0,19435,3937200
square41.mps.gz,easy,Sascha Kurz,square,,62234,62197,37,0,40160,13566400
square37.mps.gz,easy,Sascha Kurz,square,,49320,49284,36,0,33150,9475670
square23.mps.gz,easy,Sascha Kurz,square,,11660,11638,22,0,7887,898813
neos-952987.mps.gz,infeasible,NEOS Server Submission,neos-pseudoapplication-22,infeasible,31329,31329,0,0,354,90384
t11nonreg.mps.gz,easy,Sujayandra Vaddagiri,,,4596905,4570985,8640,17280,27375,46841400
gasprod2-1.mps.gz,easy,Andrew Stamps,gasprod,,29568,7389,0,22179,73448,282846
gasprod2-2.mps.gz,easy,Andrew Stamps,gasprod,,29568,6826,0,22742,72728,280740
ej.mps.gz,easy,Timo Berthold,,,3,0,3,0,1,3
rail01.mps.gz,easy,Thomas Schlechte,rail0,,117527,117527,0,0,46843,392086
pg.mps.gz,easy,M. Dawande,,,2700,100,0,2600,125,5200
fhnw-binschedule0.mps.gz,open,Simon Felix,fhnw-bin,,319319,316270,3048,1,58085,1382970
fhnw-binschedule1.mps.gz,open,Simon Felix,fhnw-bin,,1141653,1137008,4644,1,772872,8611330
fhnw-binschedule2.mps.gz,open,Simon Felix,fhnw-bin,,30973,30504,468,1,6503,134640
pigeon-16.mps.gz,easy,Sam Allen,pigeon,,1072,928,0,144,2353,21104
pigeon-20.mps.gz,easy,Sam Allen,pigeon,,1580,1400,0,180,3661,33100
pigeon-08.mps.gz,easy,Sam Allen,pigeon,,344,272,0,72,601,5176
csched007.mps.gz,easy,Tallys Yunes,csched,,1758,1457,0,301,351,6379
rococoB10-011000.mps.gz,easy,"A. Chabrier, E. Danna, C. Le Pape, L. Perron",rococo,,4456,4320,136,0,1667,16517
a1c1s1.mps.gz,easy,"M. Vyve, Y. Pochet",c1s1,,3648,192,0,3456,3312,10178
uccase10.mps.gz,open,Daniel Espinoza,uccase,,110818,16800,0,94018,196498,787045
uccase9.mps.gz,easy,Daniel Espinoza,uccase,,33242,8064,0,25178,49565,332316
uccase12.mps.gz,easy,Daniel Espinoza,uccase,,62529,9072,0,53457,121161,419447
uccase8.mps.gz,easy,Daniel Espinoza,uccase,,37413,9576,0,27837,53709,214625
uccase7.mps.gz,easy,Daniel Espinoza,uccase,,33020,7224,0,25796,47132,335644
neos-631710.mps.gz,easy,NEOS Server Submission,neos-pseudoapplication-75,,167056,167056,0,0,169576,834166
set3-09.mps.gz,open,Kerem Akartunali,set3,,4019,1424,0,2595,3747,13747
set3-16.mps.gz,open,Kerem Akartunali,set3,,4019,1424,0,2595,3747,13747
satellites2-40.mps.gz,easy,He Renjie,satellites,,35378,34324,0,1054,20916,283668
satellites2-25.mps.gz,easy,He Renjie,satellites,,35378,34324,0,1054,20916,283668
satellites3-25.mps.gz,easy,He Renjie,satellites,,81681,79961,0,1720,44804,698176
satellites4-25.mps.gz,easy,He Renjie,satellites,,95637,93747,0,1890,51712,821192
ns1644855.mps.gz,easy,NEOS Server Submission,neos-pseudoapplication-76,,30200,10000,0,20200,40698,2110700
polygonpack4-15.mps.gz,open,Antonio Frangioni,polygonpack,,44237,44207,0,30,144478,731949
polygonpack3-15.mps.gz,open,Antonio Frangioni,polygonpack,,44237,44207,0,30,144478,731949
polygonpack4-7.mps.gz,open,Antonio Frangioni,polygonpack,,10788,10774,0,14,34529,178591
polygonpack5-15.mps.gz,open,Antonio Frangioni,polygonpack,,48163,48133,0,30,163429,804740
polygonpack4-10.mps.gz,open,Antonio Frangioni,polygonpack,,20537,20517,0,20,65935,339036
bab2.mps.gz,hard,Elmar Swarat,bab,,147912,147912,0,0,17245,2027730
ns2124243.mps.gz,open,Timo Berthold,neos-pseudoapplication-93,,156083,16447,0,139636,139280,429032
shs1042.mps.gz,open,C. Helmberg,shs,,467589,864,464295,2430,133377,1114010
chromaticindex256-8.mps.gz,easy,Pierre Le Bodic,chromaticindex,,18432,18432,0,0,16895,67572
chromaticindex32-8.mps.gz,easy,Pierre Le Bodic,chromaticindex,,2304,2304,0,0,2111,8436
chromaticindex128-5.mps.gz,easy,Pierre Le Bodic,chromaticindex,,9216,9216,0,0,8447,33780
chromaticindex512-7.mps.gz,easy,Pierre Le Bodic,chromaticindex,,36864,36864,0,0,33791,135156
chromaticindex1024-7.mps.gz,easy,Pierre Le Bodic,chromaticindex,,73728,73728,0,0,67583,270324
assign1-10-4.mps.gz,open,Robert Fourer,assign1,,572,520,0,52,582,28280
assign1-5-8.mps.gz,easy,Robert Fourer,assign1,,156,130,0,26,161,3720
control30-5-10-4.mps.gz,infeasible,Qie He,control,infeasible,1960,150,0,1810,3640,21460
control20-5-10-5.mps.gz,easy,Qie He,control,,1310,100,0,1210,2430,14710
control30-3-2-3.mps.gz,easy,Qie He,control,,332,90,0,242,512,1472
binkar10_1.mps.gz,easy,H. Mittelmann,,,2298,170,0,2128,1026,4496
blp-ar98.mps.gz,easy,M. Lübbecke,blp,,16021,15806,0,215,1128,200601
hanoi5.mps.gz,easy,M. Winkler,,,3862,3862,0,0,16399,39718
bley_xl1.mps.gz,easy,A. Bley,bley_x,,5831,5831,0,0,175620,869139
snip10x10-35r1budget17.mps.gz,open,Utz-Uwe Haus,,,47611,63,0,47548,213801,475334
istanbul-no-cutoff.mps.gz,easy,Utz-Uwe Haus,,,5282,30,0,5252,20346,71477
30_70_45_095_100.mps.gz,easy,J. Walser,30_70,,10976,10975,0,1,12526,46640
leo1.mps.gz,easy,COR@L test set,,,6731,6730,0,1,593,131218
rmatr200-p5.mps.gz,easy,Dmitry Krushinsky,rmatr,,37816,200,0,37616,37617,113048
pg5_34.mps.gz,easy,M. Dawande,,,2600,100,0,2500,225,7700
rwth-timetable.mps.gz,open,Gerald Lach,,,923564,317079,0,606485,440134,4510790
shs1014.mps.gz,open,Christoph Helmberg,shs,,444474,1296,440754,2424,134322,1046080
2club200v15p5scn.mps.gz,hard,Balabhaskar Balasundaram,,,200,200,0,0,17013,104811
eil33-2.mps.gz,easy,J. Linderoth,eil,,4516,4516,0,0,32,44243
snp-10-004-052.mps.gz,open,Gerald Gamrath,supplynetworkplanning,,538777,815,815,537147,300348,1097780
snp-04-052-052.mps.gz,open,Gerald Gamrath,supplynetworkplanning,,221438,4546,4546,212346,129662,459205
snp-06-004-052.mps.gz,open,Gerald Gamrath,supplynetworkplanning,,328461,494,494,327473,183168,668716
snp-10-052-052.mps.gz,open,Gerald Gamrath,supplynetworkplanning,,549021,11059,11059,526903,320836,1138760
snp-02-004-104.mps.gz,easy,Gerald Gamrath,supplynetworkplanning,,228350,167,167,228016,126512,463941
map10.mps.gz,easy,Kiyan Ahmadizadeh,map,,164547,146,0,164401,328818,549920
supportcase40.mps.gz,easy,Domenico Salvagnin,,,16440,2000,0,14440,38192,104420
bharat.mps.gz,open,Gavin Goodall,,,590519,122614,0,467905,1299953,3565460
s1234.mps.gz,open,Siwei Sun,SiweiSun,,2945,2945,0,0,8418,44641
reblock420.mps.gz,easy,Andreas Bley,reblock,,4200,4200,0,0,62800,138670
supportcase31.mps.gz,open,Domenico Salvagnin,,,488882,488760,0,122,26195,1833860
